Date & Time,Total_consumption,y_pred
2016-11-01 00:00:00,1.226249999,3.076625115479385
2016-11-01 00:30:00,1.3562833319999998,2.8648789164328323
2016-11-01 01:00:00,1.622449999,2.9507091484532046
2016-11-01 01:30:00,0.9359,3.1743253319232734
2016-11-01 02:00:00,1.182149999,2.9284628412696314
2016-11-01 02:30:00,1.3139166680000003,3.016741047236107
2016-11-01 03:00:00,3.8962999999999997,3.175927489416624
2016-11-01 03:30:00,3.6588166660000003,4.6499985281726754
2016-11-01 04:00:00,1.150516667,5.173538355789628
2016-11-01 04:30:00,2.749616667,3.99925357354673
2016-11-01 05:00:00,2.377749999,4.383361430775393
2016-11-01 05:30:00,2.147099999,4.415803072880162
2016-11-01 06:00:00,1.5272999989999998,4.231650106136168
2016-11-01 06:30:00,2.752900001,3.871048434436648
2016-11-01 07:00:00,2.9248,4.411989813170532
2016-11-01 07:30:00,2.9114333329999997,4.742094822089272
2016-11-01 08:00:00,5.1625,4.853796719728581
2016-11-01 08:30:00,7.617983334,6.119242946662453
2016-11-01 09:00:00,11.325033333999999,7.973381321538682
2016-11-01 09:30:00,14.712416667,10.653279323072306
2016-11-01 10:00:00,18.369500001,13.512737411413173
2016-11-01 10:30:00,21.005666668000003,16.519322595220753
2016-11-01 11:00:00,22.975716668,18.999277036837533
2016-11-01 11:30:00,22.508500000999998,20.85591510125566
2016-11-01 12:00:00,25.749866665999996,21.136861070301705
2016-11-01 12:30:00,25.220566667,22.74440013359339
2016-11-01 13:00:00,25.387433332999997,22.957507959583147
2016-11-01 13:30:00,25.076766666999998,22.847084400526633
2016-11-01 14:00:00,19.045083335,22.492667933367365
2016-11-01 14:30:00,22.961216666,18.94577512339429
2016-11-01 15:00:00,6.927816666000001,19.39005941947467
2016-11-01 15:30:00,7.208533332999999,11.066661337761637
2016-11-01 16:00:00,4.599716668,7.482275544487401
2016-11-01 16:30:00,3.028583333,5.080495088964573
2016-11-01 17:00:00,2.2231500000000004,3.233756018675397
2016-11-01 17:30:00,2.537016667,2.2083345209461656
2016-11-01 18:00:00,2.611366666,2.266524960610892
2016-11-01 18:30:00,6.0869166649999995,2.4402191760833896
2016-11-01 19:00:00,6.084366666,4.511928266593396
2016-11-01 19:30:00,3.945149999,5.502435392269556
2016-11-01 20:00:00,3.395116667,4.755835478403596
2016-11-01 20:30:00,4.292,4.216363781237649
2016-11-01 21:00:00,5.079749999000001,4.569340151418289
2016-11-01 21:30:00,2.51195,5.164420086816039
2016-11-01 22:00:00,1.3574,4.080149080294709
2016-11-01 22:30:00,2.2141166649999997,3.0569318318212524
2016-11-01 23:00:00,0.9939000010000001,3.2087747630714816
2016-11-01 23:30:00,1.229666668,2.6800272380895125
2016-11-02 00:00:00,2.752999999,2.6140680826375746
2016-11-02 00:30:00,1.673616667,3.5350427189495024
2016-11-02 01:00:00,0.912600001,3.3904397972274363
2016-11-02 01:30:00,1.7513500009999998,2.9174051324508783
2016-11-02 02:00:00,1.161266666,3.2603035714308803
2016-11-02 02:30:00,2.679900001,3.1331349444349
2016-11-02 03:00:00,0.9645000010000001,3.891342507728484
2016-11-02 03:30:00,1.6816499999999999,3.3657251204423155
2016-11-02 04:00:00,1.122333333,3.5107911860469763
2016-11-02 04:30:00,2.727400001,3.3477383787764263
2016-11-02 05:00:00,2.9943499989999998,4.135708590184314
2016-11-02 05:30:00,2.8775166669999996,4.645441402039044
2016-11-02 06:00:00,2.4318166669999997,4.783841673510519
2016-11-02 06:30:00,3.036250001,4.604212165408299
2016-11-02 07:00:00,2.9799666670000002,4.8619693742792744
2016-11-02 07:30:00,3.505666667,4.93760156384483
2016-11-02 08:00:00,2.707183333,5.235547515962923
2016-11-02 08:30:00,4.2622,4.943450297803787
2016-11-02 09:00:00,6.096333334,5.639313095101392
2016-11-02 09:30:00,13.0764,6.934657716169319
2016-11-02 10:00:00,14.495833333,11.169035896594949
2016-11-02 10:30:00,19.554799999999997,13.650935125067285
2016-11-02 11:00:00,15.136166667000001,17.16497310544655
2016-11-02 11:30:00,24.696433333,16.15646744810804
2016-11-02 12:00:00,22.869099999000003,20.545695198465147
2016-11-02 12:30:00,21.263266667,21.368342884448296
2016-11-02 13:00:00,21.712166666,20.38231592864797
2016-11-02 13:30:00,5.072683334,20.119490609646302
2016-11-02 14:00:00,4.440899999,10.990713408243462
2016-11-02 14:30:00,20.042016665,6.546525319265854
2016-11-02 15:00:00,13.477083334,13.520926744888937
2016-11-02 15:30:00,6.496416667999999,12.911261572038274
2016-11-02 16:00:00,4.144583332,8.520285054991541
2016-11-02 16:30:00,2.5298,5.840769887419071
2016-11-02 17:00:00,1.435533333,3.920529634565948
2016-11-02 17:30:00,16.641433334,2.4568272717344364
2016-11-02 18:00:00,16.742633332999997,10.233911645585348
2016-11-02 18:30:00,16.690183333,13.75264900888208
2016-11-02 19:00:00,17.029533334,14.807922236121414
2016-11-02 19:30:00,22.299133332,15.495307542183685
2016-11-02 20:00:00,20.165366668,18.49016443101903
2016-11-02 20:30:00,16.122916666000002,18.360367446115614
2016-11-02 21:00:00,18.657516667,15.92702414380065
2016-11-02 21:30:00,15.456750001000001,16.256293423125506
2016-11-02 22:00:00,1.402383332,14.687076886437204
2016-11-02 22:30:00,2.872616667,6.290448133793214
2016-11-02 23:00:00,1.009283334,3.657945524259567
2016-11-02 23:30:00,0.9968000009999999,2.0026642673154194
2016-11-03 00:00:00,0.958949999,1.2486227074106906
2016-11-03 00:30:00,0.87955,1.188648282494297
2016-11-03 01:00:00,1.320516667,1.3699921466584322
2016-11-03 01:30:00,1.2911499999999998,1.761152355965576
2016-11-03 02:00:00,0.962433334,2.0382659519541058
2016-11-03 02:30:00,0.974083334,2.0543991682379823
2016-11-03 03:00:00,1.5810333330000002,2.153378510649406
2016-11-03 03:30:00,1.136299999,2.6038149469054366
2016-11-03 04:00:00,1.315366666,2.6175191311086206
2016-11-03 04:30:00,1.379416666,2.7653306753216658
2016-11-03 05:00:00,1.553300001,2.9364449262498793
2016-11-03 05:30:00,2.4851166670000002,3.1404421932428472
2016-11-03 06:00:00,1.340883332,3.7651412176657315
2016-11-03 06:30:00,3.287083333,3.454753621509531
2016-11-03 07:00:00,3.340966667,4.369217077675476
2016-11-03 07:30:00,3.0089333330000003,4.849090771666891
2016-11-03 08:00:00,3.047599999,4.8252930756861
2016-11-03 08:30:00,40.116766665,4.85203793465999
2016-11-03 09:00:00,3.4604166660000004,24.764441346244865
2016-11-03 09:30:00,1.5685499999999999,13.483420737412171
2016-11-03 10:00:00,3.010650001,6.4960595741426275
2016-11-03 10:30:00,5.522816667999999,5.452838431627983
2016-11-03 11:00:00,3.369433334,6.013217370901462
2016-11-03 11:30:00,4.763466667,4.819413272012794
2016-11-03 12:00:00,6.668749997999999,5.501884176172469
2016-11-03 12:30:00,2.892066666,6.8551841301501995
2016-11-03 13:00:00,3.3286333329999995,5.335743232211186
2016-11-03 13:30:00,4.358333331999999,4.871373353553096
2016-11-03 14:00:00,3.0963,5.3800817161857175
2016-11-03 14:30:00,5.190716666,4.876058358037353
2016-11-03 15:00:00,6.409583333,5.775291630553205
2016-11-03 15:30:00,19.369416666,6.911193403274842
2016-11-03 16:00:00,4.723066666,14.266359177631148
2016-11-03 16:30:00,2.484616666,9.482228451019669
2016-11-03 17:00:00,3.054766668,5.837768497769961
2016-11-03 17:30:00,3.13535,5.015004524765673
2016-11-03 18:00:00,16.694149999,4.622943140273321
2016-11-03 18:30:00,18.26415,11.647347949210275
2016-11-03 19:00:00,17.989849998999997,15.675410195216791
2016-11-03 19:30:00,21.913633333,16.800026295943645
2016-11-03 20:00:00,18.238533334,19.305207895542267
2016-11-03 20:30:00,17.073766666,18.231892987773243
2016-11-03 21:00:00,14.062033334,16.75294753866792
2016-11-03 21:30:00,19.710266667,14.52930249934013
2016-11-03 22:00:00,9.907316666000002,16.52424909672368
2016-11-03 22:30:00,2.937866665,12.09549033900354
2016-11-03 23:00:00,1.042533333,6.29682884268334
2016-11-03 23:30:00,3.2694833329999997,3.1334025972772053
2016-11-04 00:00:00,1.309466667,3.1765553642309614
2016-11-04 00:30:00,1.1998333319999999,2.2166816049983753
2016-11-04 01:00:00,2.379616666,1.918183226845232
2016-11-04 01:30:00,1.565649999,2.650746905017961
2016-11-04 02:00:00,1.269333334,2.601824759208162
2016-11-04 02:30:00,1.1911166649999998,2.44688890339106
2016-11-04 03:00:00,0.955766668,2.4667047784155676
2016-11-04 03:30:00,1.231883335,2.4123156280463007
2016-11-04 04:00:00,1.6527166660000001,2.5919444933217815
2016-11-04 04:30:00,1.261466665,2.9719654427195557
2016-11-04 05:00:00,0.971966665,2.969719615241135
2016-11-04 05:30:00,5.355866667,2.85135456462263
2016-11-04 06:00:00,2.37235,5.2092647284018145
2016-11-04 06:30:00,3.506183333,4.644541375249087
2016-11-04 07:00:00,5.543116666,4.903379062698911
2016-11-04 07:30:00,3.1956666659999997,6.234035447619408
2016-11-04 08:00:00,2.894483334,5.480869952875679
2016-11-04 08:30:00,8.557066665999999,4.913490399125909
2016-11-04 09:00:00,10.847416667000001,7.8256673825934495
2016-11-04 09:30:00,44.306233333,10.257015882653093
2016-11-04 10:00:00,5.869933334,29.034519880413516
2016-11-04 10:30:00,14.77535,16.291082693323965
2016-11-04 11:00:00,7.2560333340000005,14.510381921033508
2016-11-04 11:30:00,6.393199999999999,10.779061915980236
2016-11-04 12:00:00,15.805666665999999,8.014031498740575
2016-11-04 12:30:00,21.441983334,11.930685826304007
2016-11-04 13:00:00,23.422850001,17.033757464729064
2016-11-04 13:30:00,25.914133332,19.812985794630332
2016-11-04 14:00:00,24.806383334000003,22.234266418566545
2016-11-04 14:30:00,20.013583334000003,22.467924201908858
2016-11-04 15:00:00,12.123733333,19.660473587128113
2016-11-04 15:30:00,4.812183334,14.093164858483032
2016-11-04 16:00:00,4.256283333,7.8218988290360265
2016-11-04 16:30:00,3.5859,5.014219774593089
2016-11-04 17:00:00,3.238950001,3.707323739842134
2016-11-04 17:30:00,2.8178333330000003,3.111136274475691
2016-11-04 18:00:00,3.206949999,2.8574433683365754
2016-11-04 18:30:00,3.455466668,3.1323825583058427
2016-11-04 19:00:00,2.586999999,3.4829277978087103
2016-11-04 19:30:00,4.6155,3.2475261356127287
2016-11-04 20:00:00,2.9807666669999997,4.313896897852233
2016-11-04 20:30:00,5.405366665000001,3.9889947589991435
2016-11-04 21:00:00,5.0314499989999995,5.143626604254178
2016-11-04 21:30:00,4.247516666999999,5.545377166150944
2016-11-04 22:00:00,1.893533333,5.259560132247112
2016-11-04 22:30:00,16.677099999,3.9170426693972704
2016-11-04 23:00:00,17.176550001,11.340434816138766
2016-11-04 23:30:00,17.277416666,14.813686849914824
2016-11-05 00:00:00,15.96345,15.888864470549647
2016-11-05 00:30:00,18.357966666,15.64936690726296
2016-11-05 01:00:00,14.528683333000002,16.6941498639848
2016-11-05 01:30:00,15.429733333999998,14.858670743731045
2016-11-05 02:00:00,16.443399999,14.422648830872738
2016-11-05 02:30:00,1.0006,14.838077478327895
2016-11-05 03:00:00,1.240333335,6.630876358097404
2016-11-05 03:30:00,0.9522,3.208843392742659
2016-11-05 04:00:00,1.647549999,2.118273729054221
2016-11-05 04:30:00,1.054483335,1.9915228536838474
2016-11-05 05:00:00,2.33975,1.7855419123892662
2016-11-05 05:30:00,4.0963,2.631196682121397
2016-11-05 06:00:00,2.4379499989999998,4.008222308374354
2016-11-05 06:30:00,2.7081500000000003,3.7352573267557703
2016-11-05 07:00:00,2.7985666670000002,3.772390186847905
2016-11-05 07:30:00,3.626899999,3.944898772605998
2016-11-05 08:00:00,4.6066666650000005,4.467769902808053
2016-11-05 08:30:00,4.208433332999999,5.2451160685739895
2016-11-05 09:00:00,3.331733333,5.39071449745974
2016-11-05 09:30:00,5.262433332999999,4.975349271477874
2016-11-05 10:00:00,7.080183334999999,5.865504044929207
2016-11-05 10:30:00,6.234850001,7.243949814533095
2016-11-05 11:00:00,12.629083332,7.3161481111639795
2016-11-05 11:30:00,25.349333333000004,10.740633733839712
2016-11-05 12:00:00,9.682433333,19.029731762054084
2016-11-05 12:30:00,4.356016666,13.865208488055806
2016-11-05 13:00:00,8.323833333,8.371933101963574
2016-11-05 13:30:00,7.381249999,8.587022370761956
2016-11-05 14:00:00,4.7588,8.077966028277064
2016-11-05 14:30:00,4.2424,6.252567860672389
2016-11-05 15:00:00,11.385250001,5.4776942840380975
2016-11-05 15:30:00,4.903000001,9.078627593641105
2016-11-05 16:00:00,3.7812833350000004,7.099297738366074
2016-11-05 16:30:00,3.841,5.485495157812987
2016-11-05 17:00:00,3.004316667,5.094933921421613
2016-11-05 17:30:00,3.2566,4.467986582736771
2016-11-05 18:00:00,3.479266666,4.3122407675454095
2016-11-05 18:30:00,4.956883332,4.5172660015354795
2016-11-05 19:00:00,3.992216668,5.421732069797949
2016-11-05 19:30:00,3.211183334,5.315611749219352
2016-11-05 20:00:00,3.762933333,4.842360470998678
2016-11-05 20:30:00,2.735883335,4.988188877177007
2016-11-05 21:00:00,2.007116667,4.529082985955739
2016-11-05 21:30:00,3.785516667,3.934413794429713
2016-11-05 22:00:00,1.5126333319999998,4.710274912481581
2016-11-05 22:30:00,1.119483334,3.8665071410479106
2016-11-05 23:00:00,1.041533335,3.264578765991135
2016-11-05 23:30:00,1.5744000009999997,3.085003060836489
2016-11-06 00:00:00,1.2568666670000002,3.323131830052208
2016-11-06 00:30:00,1.2792333329999999,3.2762529243777987
2016-11-06 01:00:00,1.245216668,3.3132379396082223
2016-11-06 01:15:00,1.275300001,3.350621015254278
2016-11-06 01:30:00,1.429166668,3.403163398722195
2016-11-06 01:45:00,2.7162833330000002,3.527669064106401
2016-11-06 02:00:00,2.8550000009999996,4.294920383943318
2016-11-06 02:30:00,1.0214333329999998,4.706362676918189
2016-11-06 03:00:00,1.004566668,3.871241373598174
2016-11-06 03:30:00,3.5907666660000004,3.5155034905961022
2016-11-06 04:00:00,1.4923166669999999,4.806361181691986
2016-11-06 04:30:00,1.194183332,4.214956350308073
2016-11-06 05:00:00,2.529900001,3.744849532656676
2016-11-06 05:30:00,3.41055,4.361737986457422
2016-11-06 06:00:00,2.351683332,5.084849176664765
2016-11-06 06:30:00,2.378983335,4.768419954752845
2016-11-06 07:00:00,2.884983334,4.658168108171077
2016-11-06 07:30:00,7.029000001,4.908113587769343
2016-11-06 08:00:00,11.477800001000002,7.20829040447396
2016-11-06 08:30:00,23.792516667999998,10.54415560031342
2016-11-06 09:00:00,3.938116668,18.428298980824106
2016-11-06 09:30:00,23.261716667,10.93805019497832
2016-11-06 10:00:00,23.539166667,17.65518699659227
2016-11-06 10:30:00,4.530316664999999,21.114122397380285
2016-11-06 11:00:00,8.2477,11.500806256151098
2016-11-06 11:30:00,8.222300001,9.344831160517842
2016-11-06 12:00:00,6.604233333,9.038497466346577
2016-11-06 12:30:00,3.582999998999999,7.553014659087638
2016-11-06 13:00:00,6.253699999,5.440812114778248
2016-11-06 13:30:00,20.808816666,6.228508028940233
2016-11-06 14:00:00,4.035816666,14.393562590771861
2016-11-06 14:30:00,4.107616667,8.789977051028405
2016-11-06 15:00:00,4.826533335,6.050352913332656
2016-11-06 15:30:00,3.8000000000000003,5.833229004991784
2016-11-06 16:00:00,3.117866667,5.010447074718998
2016-11-06 16:30:00,3.8624500000000004,4.229734755597907
2016-11-06 17:00:00,3.6875333329999997,4.583378680935514
2016-11-06 17:30:00,3.670333334,4.660593360178446
2016-11-06 18:00:00,3.8096166680000003,4.696064377798302
2016-11-06 18:30:00,3.7425333339999995,4.846810577669576
2016-11-06 19:00:00,3.7586333329999997,4.909037370146329
2016-11-06 19:30:00,4.2153333349999995,4.960410685685753
2016-11-06 20:00:00,2.9005666679999997,5.259388455703648
2016-11-06 20:30:00,5.627433332000001,4.702709487393518
2016-11-06 21:00:00,2.7782666669999996,5.935584659095223
2016-11-06 21:30:00,3.12855,4.990501794213769
2016-11-06 22:00:00,1.330249999,4.704197694657002
2016-11-06 22:30:00,2.6416166660000004,3.7317860487183983
2016-11-06 23:00:00,1.067616666,4.021452319364971
2016-11-06 23:30:00,0.9115333339999999,3.3613165298213903
2016-11-07 00:00:00,0.939549999,3.014154606708354
2016-11-07 00:30:00,2.636866668,2.964412410183621
2016-11-07 01:00:00,1.891316668,3.8971014086258826
2016-11-07 01:30:00,0.94745,3.9111883862451657
2016-11-07 02:00:00,1.2047500000000002,3.4063376975497106
2016-11-07 02:30:00,1.3413666659999999,3.3788462206361904
2016-11-07 03:00:00,2.735816667,3.4756034002354754
2016-11-07 03:30:00,2.431383334,4.257784841696493
2016-11-07 04:00:00,2.65585,4.457247133030493
2016-11-07 04:30:00,1.5264333330000002,4.6417054309306724
2016-11-07 05:00:00,2.793983333,4.130856958613003
2016-11-07 05:30:00,1.7667666659999997,4.582514584362082
2016-11-07 06:00:00,3.759683332,4.248323412354981
2016-11-07 06:30:00,3.276500001,5.142633662984483
2016-11-07 07:00:00,4.573166667,5.304310144183734
2016-11-07 07:30:00,7.985383333,6.0103697281549255
2016-11-07 08:00:00,19.495666665999998,8.144930418151109
2016-11-07 08:30:00,14.438250000999998,15.16873909633319
2016-11-07 09:00:00,16.784833333999998,15.27275773176724
2016-11-07 09:30:00,19.239166667,16.16926021267608
2016-11-07 10:00:00,19.702250001,17.921357283937265
2016-11-07 10:30:00,20.151699999999998,18.603142678163113
2016-11-07 11:00:00,23.069516669,18.846226452498296
2016-11-07 11:30:00,26.823266668000002,20.446636191404185
2016-11-07 12:00:00,25.967433333000002,22.946901848026954
2016-11-07 12:30:00,26.344583334,23.29982120341635
2016-11-07 13:00:00,27.281633334,23.402810820945177
2016-11-07 13:30:00,18.557966666,23.81966704096907
2016-11-07 14:00:00,21.118566667,19.104114498748434
2016-11-07 14:30:00,6.079733334999999,18.28972871324825
2016-11-07 15:00:00,3.560850001,10.05739379735465
2016-11-07 15:30:00,2.3002833330000003,5.040860141409669
2016-11-07 16:00:00,1.250933333,2.7402383900746994
2016-11-07 16:30:00,3.212333332,1.3697092453750548
2016-11-07 17:00:00,2.966766667,2.0118217159666
2016-11-07 17:30:00,3.229666666,2.4905566798016014
2016-11-07 18:00:00,4.760649999999999,2.900853914408536
2016-11-07 18:30:00,2.6526333340000003,4.035695467351125
2016-11-07 19:00:00,3.9953166679999996,3.4712793734633363
2016-11-07 19:30:00,2.6877999989999997,3.967141188985464
2016-11-07 20:00:00,3.555849999,3.6231929173150808
2016-11-07 20:30:00,3.1899333340000005,3.9500272161913936
2016-11-07 21:00:00,3.325400001,3.993622729312113
2016-11-07 21:30:00,2.810466666,4.13059645250944
2016-11-07 22:00:00,17.04695,3.9674450244882244
2016-11-07 22:30:00,14.300600000000001,11.587333750824147
2016-11-07 23:00:00,17.184250001,13.3772644061514
2016-11-07 23:30:00,18.578899999999997,15.251099161957828
2016-11-08 00:00:00,17.683649999,16.882696588584167
2016-11-08 00:30:00,15.913133334,16.84822811761821
2016-11-08 01:00:00,15.543466667,15.615130924185205
2016-11-08 01:30:00,15.5228,14.87611072826869
2016-11-08 02:00:00,1.283416666,14.474530617148911
2016-11-08 02:30:00,3.681883333,6.599905064597895
2016-11-08 03:00:00,1.9410333349999997,4.532045417758226
2016-11-08 03:30:00,1.091533334,3.1720539178268385
2016-11-08 04:00:00,1.3157666659999998,2.060278793444109
2016-11-08 04:30:00,0.9333333349999999,1.9214509568357374
2016-11-08 05:00:00,4.422750001,1.908901110723674
2016-11-08 05:30:00,2.833933334,3.8069437811120777
2016-11-08 06:00:00,2.319533334,3.878323624368667
2016-11-08 06:30:00,3.397083334,3.5976014214445446
2016-11-08 07:00:00,4.395416667,4.1696179630300945
2016-11-08 07:30:00,7.117700000999999,4.9887887873091525
2016-11-08 08:00:00,10.984,6.769662661502962
2016-11-08 08:30:00,13.800933334999998,9.627410051515538
2016-11-08 09:00:00,17.481383334,12.277443017886528
2016-11-08 09:30:00,18.766500001,15.232658884352116
2016-11-08 10:00:00,21.035116667,17.032284141536536
2016-11-08 10:30:00,19.2242,18.7851606414486
2016-11-08 11:00:00,22.994950002000003,18.378686530847595
2016-11-08 11:30:00,21.062899999000003,20.00848554029069
2016-11-08 12:00:00,25.207866667,19.56543480889102
2016-11-08 12:30:00,23.655516666,21.343729877249938
2016-11-08 13:00:00,20.234616667,21.207164334905624
2016-11-08 13:30:00,19.444616665999998,19.07085937185441
2016-11-08 14:00:00,10.786633332,17.65883517664342
2016-11-08 14:30:00,4.58665,12.426632413481062
2016-11-08 15:00:00,4.092033332,6.79125982976894
2016-11-08 15:30:00,3.112800002,4.42301962966613
2016-11-08 16:00:00,2.8189000010000003,3.1243112446393306
2016-11-08 16:30:00,2.4215500000000003,2.536536153487297
2016-11-08 17:00:00,2.980816667,2.3336459378234817
2016-11-08 17:30:00,17.896016668,2.7174322172742826
2016-11-08 18:00:00,17.740816666999997,10.992940166243866
2016-11-08 18:30:00,17.301133333000003,14.4893256660547
2016-11-08 19:00:00,19.704483333000002,15.326914505986014
2016-11-08 19:30:00,16.771783335000002,17.01506790152419
2016-11-08 20:00:00,19.166133333,16.028053256324807
2016-11-08 20:30:00,18.052433333000003,16.586129805765072
2016-11-08 21:00:00,16.1832,16.286119909064894
2016-11-08 21:30:00,15.393466666000002,15.002234588851685
2016-11-08 22:00:00,1.263900001,14.009958675661927
2016-11-08 22:30:00,0.96465,6.0452340881160085
2016-11-08 23:00:00,2.546400001,2.48579910576678
2016-11-08 23:30:00,1.2687,2.305550033437333
2016-11-09 00:00:00,1.719166667,1.6005107265427196
2016-11-09 00:30:00,1.328849999,1.682185081946427
2016-11-09 01:00:00,1.396949999,1.821772788615896
2016-11-09 01:30:00,0.9730500000000001,1.9727337397081857
2016-11-09 02:00:00,1.286299999,1.9080692682527423
2016-11-09 02:30:00,1.344899999,2.1491964415470886
2016-11-09 03:00:00,0.926133333,2.3727618558438763
2016-11-09 03:30:00,0.967200001,2.312184674300225
2016-11-09 04:00:00,1.671566667,2.377629673891579
2016-11-09 04:30:00,4.139749999999999,2.862101733928945
2016-11-09 05:00:00,3.2664999999999997,4.440707046695254
2016-11-09 05:30:00,1.605883332,4.670573650198875
2016-11-09 06:00:00,3.9839499990000005,3.847023968048488
2016-11-09 06:30:00,3.366549999,4.831267448248003
2016-11-09 07:00:00,4.6902,4.964960044687672
2016-11-09 07:30:00,2.559450001,5.651330649865459
2016-11-09 08:00:00,2.809133333,4.864770345333218
2016-11-09 08:30:00,4.7257999989999995,4.637720491021071
2016-11-09 09:00:00,2.7419666659999997,5.621309489598486
2016-11-09 09:30:00,3.687083333,4.972325343048235
2016-11-09 10:00:00,19.898033332,5.152025682890862
2016-11-09 10:30:00,4.738166666,14.019988428442307
2016-11-09 11:00:00,4.254683334,9.582727589709034
2016-11-09 11:30:00,3.745366667,6.913884676432581
2016-11-09 12:00:00,3.4496,6.000993998271342
2016-11-09 12:30:00,5.020366667000001,5.278963319135119
2016-11-09 13:00:00,3.732533333,5.723377086346385
2016-11-09 13:30:00,5.249483334,5.439062917817794
2016-11-09 14:00:00,4.938766667,6.075555694834126
2016-11-09 14:30:00,2.640700001,6.238685390636446
2016-11-09 15:00:00,2.59745,5.024430875775712
2016-11-09 15:30:00,1.680466666,4.49557182486543
2016-11-09 16:00:00,1.1167166670000002,3.865548222977891
2016-11-09 16:30:00,2.0763,3.28712507423975
2016-11-09 17:00:00,2.3847999989999997,3.625993747559068
2016-11-09 17:30:00,2.867316666,4.001228008051729
2016-11-09 18:00:00,17.635833334,4.416016181449814
2016-11-09 18:30:00,19.577016666000002,12.540921918532284
2016-11-09 19:00:00,16.787466666999997,17.009846888392843
2016-11-09 19:30:00,16.666600000000003,16.908208319154873
2016-11-09 20:00:00,19.906699998,16.701945559712993
2016-11-09 20:30:00,17.3794,18.238671620971765
2016-11-09 21:00:00,19.287750000000003,17.226943945779084
2016-11-09 21:30:00,15.83395,17.62587920202672
2016-11-09 22:00:00,2.02015,15.955305481825096
2016-11-09 22:30:00,0.959016667,7.651225076290051
2016-11-09 23:00:00,1.005966668,3.581682281324767
2016-11-09 23:30:00,1.31555,2.2900762652108355
2016-11-10 00:00:00,1.3176999999999999,1.9189701585492807
2016-11-10 00:30:00,4.220650001,1.94986071457227
2016-11-10 01:00:00,0.954733334,3.752141867126241
2016-11-10 01:30:00,1.2491499999999998,2.8319315358630655
2016-11-10 02:00:00,2.8056166670000002,2.5776286692163697
2016-11-10 02:30:00,0.957649999,3.471120103167049
2016-11-10 03:00:00,3.081233333,2.878507430182471
2016-11-10 03:30:00,1.22095,3.758381181834105
2016-11-10 04:00:00,0.884400001,3.2828962995402393
2016-11-10 04:30:00,2.149233333,2.8548402399895054
2016-11-10 05:00:00,2.793900001,3.4482323887517126
2016-11-10 05:30:00,3.490200001,4.098304442836244
2016-11-10 06:00:00,2.249249999,4.72466051804579
2016-11-10 06:30:00,3.04635,4.363420049138094
2016-11-10 07:00:00,3.093933333,4.632362809582612
2016-11-10 07:30:00,6.644433331999999,4.808252725054431
2016-11-10 08:00:00,10.3188,6.761843866782417
2016-11-10 08:30:00,13.764516668000002,9.568055620420704
2016-11-10 09:00:00,16.058233334,12.50073875028899
2016-11-10 09:30:00,18.497716667,14.831438164966215
2016-11-10 10:00:00,18.132166667,16.95628469473175
2016-11-10 10:30:00,16.983750001,17.4546419903088
2016-11-10 11:00:00,20.032683334,16.822733020403007
2016-11-10 11:30:00,14.810216666,18.04990261654059
2016-11-10 12:00:00,21.618633333000002,15.655493961989203
2016-11-10 12:30:00,21.258166666,18.069945923926298
2016-11-10 13:00:00,16.176966667,18.98584964319626
2016-11-10 13:30:00,15.4958,16.326374250430636
2016-11-10 14:00:00,10.253416667,14.771573453527644
2016-11-10 14:30:00,4.919466667,11.400994953055264
2016-11-10 15:00:00,5.112866666,6.97649376403788
2016-11-10 15:30:00,3.345183333,5.38927703232145
2016-11-10 16:00:00,2.6267666669999996,3.993597623730984
2016-11-10 16:30:00,2.554166667,3.073959441011812
2016-11-10 17:00:00,2.49215,2.8613284517345092
2016-11-10 17:30:00,2.4361666680000003,2.885757532729145
2016-11-10 18:00:00,2.880766668,2.947633891042297
2016-11-10 18:30:00,3.2948499989999998,3.319128312374898
2016-11-10 19:00:00,4.144666667999999,3.7802890693014355
2016-11-10 19:30:00,2.6416333339999998,4.484853035201257
2016-11-10 20:00:00,2.5806999989999997,4.025322188980585
2016-11-10 20:30:00,2.669216667,3.821758516495773
2016-11-10 21:00:00,17.556216667,3.8687216703532528
2016-11-10 21:30:00,14.516233332,11.901782525372411
2016-11-10 22:00:00,14.910899999,13.695807901104192
2016-11-10 22:30:00,15.056816667,14.227963143879942
2016-11-10 23:00:00,15.656633332999998,14.625403451899388
2016-11-10 23:30:00,16.428416666999997,14.935450429186144
2016-11-11 00:00:00,14.812933332,15.246901375719538
2016-11-11 00:30:00,17.387933332999996,14.476960010935771
2016-11-11 01:00:00,6.399649999,15.42672900083172
2016-11-11 01:30:00,2.014200001,9.915029157952963
2016-11-11 02:00:00,1.176000001,5.079955087714563
2016-11-11 02:30:00,0.9452166670000001,2.9016547030541946
2016-11-11 03:00:00,1.6246833340000002,1.9747721395376558
2016-11-11 03:30:00,4.221716667,2.045829798642515
2016-11-11 04:00:00,0.0024999999999999996,3.7071949049172326
2016-11-11 04:30:00,0.0024999999999999996,2.242685357053413
2016-11-11 05:00:00,0.002483333,1.6228184102122356
2016-11-11 05:30:00,1.5516999999999999,1.5622153137445154
2016-11-11 06:00:00,2.545833334,2.397600908574975
2016-11-11 06:30:00,3.315766668,3.347110137624462
2016-11-11 07:00:00,4.510066666,4.228242776950946
2016-11-11 07:30:00,16.702933333,5.2576271674820845
2016-11-11 08:00:00,3.5214166650000003,12.236765925294861
2016-11-11 08:30:00,12.8765,8.075568058325029
2016-11-11 09:00:00,4.094783333,10.936330014515981
2016-11-11 09:30:00,18.631683333999998,7.830768716428578
2016-11-11 10:00:00,4.855383334,13.864042358242333
2016-11-11 10:30:00,14.500883335000001,9.22875983776144
2016-11-11 11:00:00,3.890200001,12.046119198608643
2016-11-11 11:30:00,22.746899999,7.8913331046941995
2016-11-11 12:00:00,20.979316668000003,15.90023870009936
2016-11-11 12:30:00,4.636149999,18.555562366866805
2016-11-11 13:00:00,4.636550001,10.379430254498835
2016-11-11 13:30:00,17.795966667000002,6.88949163331046
2016-11-11 14:00:00,10.358166666999999,12.929920368108863
2016-11-11 14:30:00,4.451300000999999,11.189232184748281
2016-11-11 15:00:00,3.5023333329999997,7.01898549187305
2016-11-11 15:30:00,3.3138499999999995,5.186856163839831
2016-11-11 16:00:00,3.057116668,4.361224905990561
2016-11-11 16:30:00,3.796966668,3.801394341259105
2016-11-11 17:00:00,6.623816666000001,4.1524769741034975
2016-11-11 17:30:00,2.34905,5.938327525402695
2016-11-11 18:00:00,3.7860999989999997,4.430954662843289
2016-11-11 18:30:00,3.6767666660000002,4.5250778260343445
2016-11-11 19:00:00,3.406700001,4.681277359453451
2016-11-11 19:30:00,4.004166666,4.555646055522178
2016-11-11 20:00:00,5.377766665,4.860351336803411
2016-11-11 20:30:00,4.042366667,5.812824090444387
2016-11-11 21:00:00,3.234249999,5.485993985237869
2016-11-11 21:30:00,3.264033334,4.90262936760595
2016-11-11 22:00:00,18.831833334,4.735109678844802
2016-11-11 22:30:00,17.623233332999998,13.035797211030738
2016-11-11 23:00:00,16.524383335000003,15.897187270890013
2016-11-11 23:30:00,16.435000001000002,16.04235625150652
2016-11-12 00:00:00,16.915466667000004,16.083097652795313
2016-11-12 00:30:00,18.5395,16.201130654759876
2016-11-12 01:00:00,16.051466665,16.850234705458412
2016-11-12 01:30:00,16.040483332,15.728667073360832
2016-11-12 02:00:00,7.456416668,15.122570124279317
2016-11-12 02:30:00,1.142383333,10.260059228317571
2016-11-12 03:00:00,0.9113833339999999,4.731659941432221
2016-11-12 03:30:00,2.421050001,2.4993630659977204
2016-11-12 04:00:00,4.468,2.580000971779257
2016-11-12 04:30:00,3.1597499989999998,3.804369407724388
2016-11-12 05:00:00,0.9272333330000001,3.787616880997949
2016-11-12 05:30:00,1.7623833349999998,2.659952982049674
2016-11-12 06:00:00,4.08075,2.7267980171319257
2016-11-12 06:30:00,4.498833335,4.095203422802604
2016-11-12 07:00:00,2.445900001,4.912810544559464
2016-11-12 07:30:00,6.922633334,4.174471950548952
2016-11-12 08:00:00,11.01975,6.318296374291403
2016-11-12 08:30:00,13.761983334,9.491380701214648
2016-11-12 09:00:00,15.398766666,12.151499219756627
2016-11-12 09:30:00,17.290216668,14.049334004532327
2016-11-12 10:00:00,21.551750002000002,15.758724403087214
2016-11-12 10:30:00,22.400066668,18.585041181001223
2016-11-12 11:00:00,21.157466666,20.044413197833123
2016-11-12 11:30:00,23.495483332,19.735208278984786
2016-11-12 12:00:00,23.759699999,20.704454632071148
2016-11-12 12:30:00,19.410699999000002,21.130950601939983
2016-11-12 13:00:00,25.381799999000002,18.73220750263899
2016-11-12 13:30:00,18.879833333,20.809000600968627
2016-11-12 14:00:00,19.587383334,18.23150240163153
2016-11-12 14:30:00,19.108416667,17.200623162907714
2016-11-12 15:00:00,15.807750001,16.672198914851435
2016-11-12 15:30:00,16.237816668,14.589160704290679
2016-11-12 16:00:00,15.911566665,13.872734165711691
2016-11-12 16:30:00,15.448833333000001,13.547776775594674
2016-11-12 17:00:00,16.8685,13.109521924014603
2016-11-12 17:30:00,0.8499333330000001,13.721029643383531
2016-11-12 18:00:00,1.499433335,5.44074041840735
2016-11-12 18:30:00,1.993833332,2.2481671810012025
2016-11-12 19:00:00,2.531733335,1.7105151199294681
2016-11-12 19:30:00,3.1930166669999998,1.786200808673828
2016-11-12 20:00:00,3.5694,2.3538704855938164
2016-11-12 20:30:00,2.8915000010000003,3.0860208452047
2016-11-12 21:00:00,5.355300001000001,3.087770019709856
2016-11-12 21:30:00,3.080116668,4.4917415747080085
2016-11-12 22:00:00,2.925633333,3.964013582013646
2016-11-12 22:30:00,2.4441666680000003,3.6457301216508267
2016-11-12 23:00:00,1.2690833350000001,3.396511052966936
2016-11-12 23:30:00,0.985016667,2.714175976671969
2016-11-13 00:00:00,1.3272333330000001,2.3327009995896746
2016-11-13 00:30:00,1.374833333,2.4831456779920478
2016-11-13 01:00:00,1.2314833340000002,2.641017111900841
2016-11-13 01:30:00,0.9450166670000001,2.6932138542845214
2016-11-13 02:00:00,1.6125166669999997,2.632921489808032
2016-11-13 02:30:00,0.934549999,3.021542179465755
2016-11-13 03:00:00,0.942450001,2.8738740690759865
2016-11-13 03:30:00,1.3688333350000002,2.8388701667296226
2016-11-13 04:00:00,4.052066668,3.1187944223676762
2016-11-13 04:30:00,3.095966667,4.709429866572387
2016-11-13 05:00:00,1.324366668,4.883630271793919
2016-11-13 05:30:00,1.1751666660000002,3.958002926922525
2016-11-13 06:00:00,4.528983332999999,3.534729209909994
2016-11-13 06:30:00,4.679666666,5.197181388223941
2016-11-13 07:00:00,2.552266668,5.969223538627449
2016-11-13 07:30:00,3.264183335,5.0879999888612755
2016-11-13 08:00:00,10.084683333000001,5.124933792881031
2016-11-13 08:30:00,14.240183334000003,8.840434538733682
2016-11-13 09:00:00,17.525150001,12.5657391223263
2016-11-13 09:30:00,18.483116666999997,15.690662190715887
2016-11-13 10:00:00,25.168516666,17.38736507176159
2016-11-13 10:30:00,20.978583333000003,21.462453812393065
2016-11-13 11:00:00,26.386850002000003,20.700904600290727
2016-11-13 11:30:00,23.70185,22.883078436105254
2016-11-13 12:00:00,24.544000000999997,22.32699740103017
2016-11-13 12:30:00,22.599800000000002,22.164646931015916
2016-11-13 13:00:00,20.847733334,20.949853857989048
2016-11-13 13:30:00,17.986850001,19.348835615450632
2016-11-13 14:00:00,7.280466667,17.021286273503687
2016-11-13 14:30:00,4.651266667000001,10.277327765550742
2016-11-13 15:00:00,3.144066668,6.026850012047078
2016-11-13 15:30:00,2.613033334,3.754523230229169
2016-11-13 16:00:00,3.002500001,2.6239129458354697
2016-11-13 16:30:00,2.934483335,2.5620595681793357
2016-11-13 17:00:00,2.697583334,2.7428627178005742
2016-11-13 17:30:00,3.0766833350000002,2.8020366024673242
2016-11-13 18:00:00,2.746366668,3.14795348110519
2016-11-13 18:30:00,3.923983335,3.215881727373069
2016-11-13 19:00:00,7.495433333,3.94116298775735
2016-11-13 19:30:00,4.475833334000001,6.2511858252776715
2016-11-13 20:00:00,2.8446999999999996,5.6346210578604055
2016-11-13 20:30:00,3.6573166670000004,4.438425290204069
2016-11-13 21:00:00,2.877583335,4.506201150400145
2016-11-13 21:30:00,3.4009833350000003,4.157367069197513
2016-11-13 22:00:00,1.436200001,4.277986544384863
2016-11-13 22:30:00,4.627016665999999,3.392864561079829
2016-11-13 23:00:00,1.312833335,4.760295766625639
2016-11-13 23:30:00,1.091683334,3.654804337863844
2016-11-14 00:00:00,0.977866668,3.0090215036600174
2016-11-14 00:30:00,3.326183333,2.8258115141817517
2016-11-14 01:00:00,1.828016668,4.0461236407158525
2016-11-14 01:30:00,1.0036333339999999,3.779514684532538
2016-11-14 02:00:00,0.9944333329999999,3.2325453256465346
2016-11-14 02:30:00,1.2634333340000001,3.0768158658628693
2016-11-14 03:00:00,0.967916667,3.1911311451448583
2016-11-14 03:30:00,0.975483335,3.089347652147338
2016-11-14 04:00:00,1.375483333,3.097412777300967
2016-11-14 04:30:00,1.400716668,3.359875134051822
2016-11-14 05:00:00,3.882383333,3.506037749023327
2016-11-14 05:30:00,3.3779666670000004,4.907899640066449
2016-11-14 06:00:00,2.9042333350000002,5.252463833504661
2016-11-14 06:30:00,2.6760499990000004,5.075409162934969
2016-11-14 07:00:00,2.891416666,4.898668653330676
2016-11-14 07:30:00,7.577850001000002,4.936061626835707
2016-11-14 08:00:00,10.981683335,7.442696285932912
2016-11-14 08:30:00,13.984500000999997,10.329239013376847
2016-11-14 09:00:00,15.372600000999999,13.006932326116962
2016-11-14 09:30:00,18.577183334,14.754954586733323
2016-11-14 10:00:00,20.090716667000002,17.033633254760616
2016-11-14 10:30:00,21.503266666000002,18.610705601937646
2016-11-14 11:00:00,21.271333333,19.782251153895558
2016-11-14 11:30:00,24.283149998999995,19.955399395607397
2016-11-14 12:00:00,20.644633334,21.442205924631605
2016-11-14 12:30:00,22.454,19.951493703139725
2016-11-14 13:00:00,21.275100000000002,20.043589377038924
2016-11-14 13:30:00,18.088533331999997,19.431273366779916
2016-11-14 14:00:00,8.525716666000001,17.26857121323563
2016-11-14 14:30:00,4.814566668,11.15387122469361
2016-11-14 15:00:00,4.701483334,6.633801096765553
2016-11-14 15:30:00,2.613783335,4.892645555804494
2016-11-14 16:00:00,1.005033333,3.176233505910229
2016-11-14 16:30:00,3.0722,1.732427052092452
2016-11-14 17:00:00,3.576849999,2.5068185663098084
2016-11-14 17:30:00,3.221516667,3.2718597427357037
2016-11-14 18:00:00,9.01425,3.441050414116347
2016-11-14 18:30:00,3.952150001,6.731488524583206
2016-11-14 19:00:00,3.422849999,5.496634985384011
2016-11-14 19:30:00,2.169683335,4.537736328504244
2016-11-14 20:00:00,3.138750000000001,3.6755850430828865
2016-11-14 20:30:00,2.743183335,3.8435236046831824
2016-11-14 21:00:00,1.5662666659999998,3.7488982367798727
2016-11-14 21:30:00,4.712049999,3.1663519810967937
2016-11-14 22:00:00,3.789099999,4.676818962897558
2016-11-14 22:30:00,2.7791500009999996,4.9104364003220855
2016-11-14 23:00:00,2.8369166679999998,4.397446184662815
2016-11-14 23:30:00,0.9097999999999999,4.295675299866931
2016-11-15 00:00:00,1.2913666670000001,3.2700856132184217
2016-11-15 00:30:00,1.503633334,3.0323936450424274
2016-11-15 01:00:00,0.9581999999999999,3.159780274261683
2016-11-15 01:30:00,1.3448166659999998,2.949459365116554
2016-11-15 02:00:00,1.338833333,3.1086834575710647
2016-11-15 02:30:00,0.8938833340000001,3.245930716991147
2016-11-15 03:00:00,0.8926333320000001,3.076005868888563
2016-11-15 03:30:00,3.1921,3.036714402452569
2016-11-15 04:00:00,0.951283333,4.299260672917978
2016-11-15 04:30:00,0.9793499999999999,3.64996076902243
2016-11-15 05:00:00,2.814800001,3.3437892922485055
2016-11-15 05:30:00,0.9476500010000002,4.29596242203598
2016-11-15 06:00:00,1.43385,3.690290414143473
2016-11-15 06:30:00,4.857083333,3.639226806021166
2016-11-15 07:00:00,2.810183334,5.5579135451490576
2016-11-15 07:30:00,2.8866166659999997,5.24534715767574
2016-11-15 08:00:00,2.8221999999999996,5.044399118886805
2016-11-15 08:30:00,3.342783333,5.01709446751493
2016-11-15 09:00:00,2.1421166659999997,5.241717623676373
2016-11-15 09:30:00,2.0002499990000002,4.664168010966633
2016-11-15 10:00:00,1.4630833330000002,4.35361366943823
2016-11-15 10:30:00,3.8529500020000005,3.967327598386135
2016-11-15 11:00:00,3.9047166680000003,5.086263592352578
2016-11-15 11:30:00,3.288316667,5.6087349107226725
2016-11-15 12:00:00,2.842983333,5.442203561669773
2016-11-15 12:30:00,6.317633332000001,5.138378664615036
2016-11-15 13:00:00,4.012483333,6.877210225154425
2016-11-15 13:30:00,2.274316667,6.350673307388993
2016-11-15 14:00:00,2.796366668,5.083431151418582
2016-11-15 14:30:00,2.485983333,4.904608083954115
2016-11-15 15:00:00,4.65745,4.682003785939404
2016-11-15 15:30:00,2.978850001,5.700806136920496
2016-11-15 16:00:00,2.889333332,5.286472255194619
2016-11-15 16:30:00,2.6426,5.008633736709582
2016-11-15 17:00:00,5.543283334000001,4.807669225138897
2016-11-15 17:30:00,18.148699998999998,6.265814514394506
2016-11-15 18:00:00,18.19755,13.632248342186156
2016-11-15 18:30:00,18.493866667000002,16.69341064803116
2016-11-15 19:00:00,17.974616668,17.720630863241105
2016-11-15 19:30:00,15.243366666000002,17.807488535809508
2016-11-15 20:00:00,17.985283333,16.141230780948952
2016-11-15 20:30:00,17.474150001,16.656859278992908
2016-11-15 21:00:00,15.754816668,16.586299018395405
2016-11-15 21:30:00,15.611000001,15.438835062283486
2016-11-15 22:00:00,1.207416666,14.83106209496918
2016-11-15 22:30:00,1.3705,6.834558592785501
2016-11-15 23:00:00,1.64035,3.4475691157496016
