Date & Time,Next_hour,y_pred
2015-11-01 00:00:00,1.1411527790000002,1.1631641311130796
2015-11-01 00:30:00,1.2044849970000002,1.3224094803537785
2015-11-01 01:00:00,1.521246113,1.3697754775345974
2015-11-01 01:00:00,1.253786668,1.6180328903298697
2015-11-01 01:30:00,2.2498855570000003,1.381137861175258
2015-11-01 01:30:00,1.654531111,2.1618174350892048
2015-11-01 02:00:00,1.466911113,1.693586127330919
2015-11-01 02:30:00,1.2873583330000002,1.5465413893898692
2015-11-01 03:00:00,1.065291667,1.4113166990203023
2015-11-01 03:30:00,1.39170389,1.2372748321857632
2015-11-01 04:00:00,1.538926667,1.4931502520218256
2015-11-01 04:30:00,1.57790778,1.6085341923996452
2015-11-01 05:00:00,1.7055483330000003,1.65624654845573
2015-11-01 05:30:00,1.5135722219999999,1.756283174970009
2015-11-01 06:00:00,2.035146667,1.605316852980157
2015-11-01 06:30:00,2.9665961120000004,2.0140940537014433
2015-11-01 07:00:00,2.8568999999999996,2.7251427772593297
2015-11-01 07:30:00,3.134598888,2.63916987344237
2015-11-01 08:00:00,1.939957779,2.867078492920008
2015-11-01 08:30:00,2.715285556,1.9307940313536562
2015-11-01 09:00:00,3.6180794449999993,2.4929385495158147
2015-11-01 09:30:00,2.9255694439999993,3.200491540870104
2015-11-01 10:00:00,3.439351109,2.630263145078774
2015-11-01 10:30:00,4.766332778,3.032932855632983
2015-11-01 11:00:00,4.782135,4.081337380834551
2015-11-01 11:30:00,3.3530927779999997,4.093722167198722
2015-11-01 12:00:00,4.4055749980000005,2.969757019277698
2015-11-01 12:30:00,3.973433333,3.7946262969520017
2015-11-01 13:00:00,4.821448333000001,3.4593393739445357
2015-11-01 13:30:00,2.119774999,4.123960122128743
2015-11-01 14:00:00,4.347121668,2.052993626994434
2015-11-01 14:30:00,5.0387250020000005,3.798647665680516
2015-11-01 15:00:00,6.769018889,4.347288759949158
2015-11-01 15:30:00,2.7983311120000005,5.703384132974985
2015-11-01 16:00:00,4.246687221,2.6101832184915423
2015-11-01 16:30:00,4.332641667,3.7453135178385404
2015-11-01 17:00:00,4.35245,3.8055235966865304
2015-11-01 17:30:00,9.695206109,3.821048120543705
2015-11-01 18:00:00,4.053449441000001,7.995440059075402
2015-11-01 18:30:00,2.5640350009999997,3.573786506061138
2015-11-01 19:00:00,2.1508433350000002,2.3941023540219426
2015-11-01 19:30:00,2.634452777,2.070268749427215
2015-11-01 20:00:00,2.097195553,2.449856673580129
2015-11-01 20:30:00,1.897823886,2.028788298395434
2015-11-01 21:00:00,2.068101665,1.8660156487853277
2015-11-01 21:30:00,2.337242778,1.9994686477041261
2015-11-01 22:00:00,1.4421544450000003,2.210086434109942
2015-11-01 22:30:00,0.8067361109999999,1.508572572244983
2015-11-01 23:00:00,0.9782227779999999,1.0526990323730274
2015-11-01 23:30:00,1.2138366649999999,1.187099481569275
2015-11-02 00:00:00,0.9062749990000001,1.3631443808086043
2015-11-02 00:30:00,0.804066111,1.1220969175329554
2015-11-02 01:00:00,0.857556667,1.0574388744139487
2015-11-02 01:30:00,1.398722223,1.099361403319108
2015-11-02 02:00:00,0.866638331,1.4964238695978995
2015-11-02 02:30:00,0.775191667,1.079410026213285
2015-11-02 03:00:00,0.8829305549999998,1.0421068928738624
2015-11-02 03:30:00,1.493396111,1.126545847787506
2015-11-02 04:00:00,1.376177777,1.5550906886322498
2015-11-02 04:30:00,3.8426805560000004,1.4632223409686045
2015-11-02 05:00:00,1.651500556,3.383235470169753
2015-11-02 05:30:00,1.4663427750000002,1.6659265888336119
2015-11-02 06:00:00,1.8436033329999995,1.5266472387666026
2015-11-02 06:30:00,2.082892777,1.8223203038873255
2015-11-02 07:00:00,1.827907224,2.014526806806387
2015-11-02 07:30:00,1.104346111,1.8146851896050133
2015-11-02 08:00:00,1.4110872190000001,1.2305353175450424
2015-11-02 08:30:00,1.280011667,1.4709396791398408
2015-11-02 09:00:00,2.153080002,1.375359843223368
2015-11-02 09:30:00,3.014142224,2.059615817496981
2015-11-02 10:00:00,1.9218261120000002,2.771701411011195
2015-11-02 10:30:00,1.3566761090000004,1.9156128375648507
2015-11-02 11:00:00,0.9704516669999999,1.498875640713333
2015-11-02 11:30:00,1.2559200000000001,1.1961772478676078
2015-11-02 12:00:00,1.499243332,1.4269833832404153
2015-11-02 12:30:00,1.1629477760000002,1.617684886120097
2015-11-02 13:00:00,0.8381083340000001,1.367388772550692
2015-11-02 13:30:00,0.798669446,1.112800076617507
2015-11-02 14:00:00,1.8487716650000001,1.071516641329758
2015-11-02 14:30:00,2.79906,1.8945206241150556
2015-11-02 15:00:00,2.1986161099999997,2.6395698194542128
2015-11-02 15:30:00,1.4084594440000002,2.1689797150168673
2015-11-02 16:00:00,2.6484094430000003,1.5397396698694443
2015-11-02 16:30:00,2.93935889,2.5115343858194983
2015-11-02 17:00:00,6.730481669,2.741836356844635
2015-11-02 17:30:00,4.73796,5.713079622396735
2015-11-02 18:00:00,3.107221115,4.121346531195496
2015-11-02 18:30:00,2.567822778,2.843276098665674
2015-11-02 19:00:00,2.562252221,2.387007058296218
2015-11-02 19:30:00,3.2050138880000003,2.382641206558757
2015-11-02 20:00:00,3.475094443,2.86434257030609
2015-11-02 20:30:00,5.279322778999999,3.076014699377044
2015-11-02 21:00:00,2.917841666,4.463600402423253
2015-11-02 21:30:00,5.084720557,2.612820234448712
2015-11-02 22:00:00,2.6731499999999997,4.296100408087073
2015-11-02 22:30:00,2.4845905550000005,2.406063288587604
2015-11-02 23:00:00,1.2690261100000002,2.2808595198936095
2015-11-02 23:30:00,1.002348334,1.3281766653426654
2015-11-03 00:00:00,0.7838622199999999,1.1274715312588341
2015-11-03 00:30:00,0.968278334,0.9562358755752189
2015-11-03 01:00:00,0.7849233349999999,1.082141419108181
2015-11-03 01:30:00,1.204478889,0.9384393187695146
2015-11-03 02:00:00,0.992037778,1.2889297689216583
2015-11-03 02:30:00,0.779692777,1.1224318058692315
2015-11-03 03:00:00,1.0866288910000002,0.9741050038585417
2015-11-03 03:30:00,1.6647538880000003,1.2146621988744712
2015-11-03 04:00:00,1.630203333,1.6838676584895973
2015-11-03 04:30:00,3.704500556,1.6567891095084128
2015-11-03 05:00:00,2.360036668,3.223640733864057
2015-11-03 05:30:00,2.266154443,2.16993461410296
2015-11-03 06:00:00,1.495850001,2.096418090889678
2015-11-03 06:30:00,3.0471911109999996,1.492701983778769
2015-11-03 07:00:00,3.5396483360000004,2.6861959382062324
2015-11-03 07:30:00,1.697117779,3.0721528957225708
2015-11-03 08:00:00,1.032158333,1.6462035242943536
2015-11-03 08:30:00,1.1706050000000001,1.125050190317154
2015-11-03 09:00:00,1.3762583339999999,1.2885493306369415
2015-11-03 09:30:00,1.022278891,1.4497274615776163
2015-11-03 10:00:00,1.094920557,1.19019218859534
2015-11-03 10:30:00,1.4824005529999997,1.2471241513628222
2015-11-03 11:00:00,1.3408355570000001,1.5929434953176473
2015-11-03 11:30:00,2.962642776,1.4819937673550356
2015-11-03 12:00:00,2.276226667,2.7686098366609944
2015-11-03 12:30:00,1.7416116670000001,2.2306401215860596
2015-11-03 13:00:00,2.9230266670000002,1.8117547563176375
2015-11-03 13:30:00,1.040321667,2.737673426643095
2015-11-03 14:00:00,1.7537594450000002,1.2384387408705457
2015-11-03 14:30:00,2.41921889,1.7975863382564858
2015-11-03 15:00:00,1.5171472220000002,2.298711165740409
2015-11-03 15:30:00,1.1973316670000003,1.591724205719733
2015-11-03 16:00:00,1.6207661089999998,1.3613167984713748
2015-11-03 16:30:00,1.6810033320000002,1.6931780457948316
2015-11-03 17:00:00,1.299939444,1.7598865756141402
2015-11-03 17:30:00,1.2174705570000002,1.4612326999768666
2015-11-03 18:00:00,2.926355559,1.3820817848245515
2015-11-03 18:30:00,1.473176113,2.721398222139939
2015-11-03 19:00:00,1.216262222,1.5345560226566448
2015-11-03 19:30:00,1.363394442,1.3332030955794885
2015-11-03 20:00:00,1.2214472219999999,1.4570618380240425
2015-11-03 20:30:00,2.394075,1.3458125469630726
2015-11-03 21:00:00,2.201559445,2.252656057852163
2015-11-03 21:30:00,1.9095983319999998,2.1017744906614917
2015-11-03 22:00:00,1.9265455550000001,1.8604928056953858
2015-11-03 22:30:00,1.5847433299999998,1.8737749717300725
2015-11-03 23:00:00,0.94320611,1.6047791823506277
2015-11-03 23:30:00,0.874878337,1.1019827139574794
2015-11-04 00:00:00,0.862257778,1.037779553805258
2015-11-04 00:30:00,1.2910477770000002,1.0278883545162323
2015-11-04 01:00:00,1.1731572220000002,1.3704914659768122
2015-11-04 01:30:00,1.2147138910000002,1.2780962738305046
2015-11-04 02:00:00,1.3950899990000003,1.326020377976194
2015-11-04 02:30:00,1.4198766689999998,1.4673878111625367
2015-11-04 03:00:00,1.1614422229999999,1.4321176233496171
2015-11-04 03:30:00,0.8634133309999998,1.2295729810295057
2015-11-04 04:00:00,0.8861405549999999,0.9894758039345284
2015-11-04 04:30:00,1.3799322229999995,1.0072879707228886
2015-11-04 05:00:00,1.6087372219999998,1.4987328207918011
2015-11-04 05:30:00,1.4095805549999998,1.6780557686449251
2015-11-04 06:00:00,2.258913889,1.5124704264651534
2015-11-04 06:30:00,2.547010558,2.178124401808592
2015-11-04 07:00:00,3.082622224,2.3604175115514083
2015-11-04 07:30:00,1.5095927759999999,2.780196202014559
2015-11-04 08:00:00,1.5358683320000002,1.5053154568961524
2015-11-04 08:30:00,2.7512644429999997,1.5259085828286842
2015-11-04 09:00:00,2.325610557,2.4893830543529587
2015-11-04 09:30:00,1.004877777,2.1557823466050596
2015-11-04 10:00:00,1.073723888,1.200514745221719
2015-11-04 10:30:00,1.0563361100000002,1.254471991027975
2015-11-04 11:00:00,1.1383955559999999,1.2562860046927788
2015-11-04 11:30:00,1.28509111,1.3205990302832475
2015-11-04 12:00:00,0.8877049979999998,1.45257238590278
2015-11-04 12:30:00,0.980821666,1.1411261790839706
2015-11-04 13:00:00,1.104886113,1.2170478461841334
2015-11-04 13:30:00,1.411696667,1.3142817460422727
2015-11-04 14:00:00,1.5151905569999997,1.5369936703761233
2015-11-04 14:30:00,0.90645389,1.6181056632115016
2015-11-04 15:00:00,0.80269889,1.1420478097778304
2015-11-04 15:30:00,0.9656699990000001,1.0607311753694155
2015-11-04 16:00:00,1.1021433349999998,1.1841317897422954
2015-11-04 16:30:00,0.8895466650000001,1.2910909952746437
2015-11-04 17:00:00,1.6336555540000002,1.1221742975277156
2015-11-04 17:30:00,2.2131194469999995,1.7053599800188248
2015-11-04 18:00:00,2.377892778,2.1316035819504044
2015-11-04 18:30:00,1.890119999,2.260742541202333
2015-11-04 19:00:00,1.7203422210000001,1.8510868561661233
2015-11-04 19:30:00,1.6806422240000003,1.7180257265405725
2015-11-04 20:00:00,2.7992322219999997,1.6846074501338801
2015-11-04 20:30:00,4.9397466670000005,2.5612878406719357
2015-11-04 21:00:00,2.947510555,4.226202898650205
2015-11-04 21:30:00,4.9003094439999995,2.664813707047422
2015-11-04 22:00:00,1.830959443,4.188885964705278
2015-11-04 22:30:00,2.120337222,1.783322744592649
2015-11-04 23:00:00,1.522576666,2.0382319240598097
2015-11-04 23:30:00,0.844976109,1.56974484781266
2015-11-05 00:00:00,0.8527577770000001,1.0098495788778372
2015-11-05 00:30:00,1.042207224,1.015948360159161
2015-11-05 01:00:00,1.188961667,1.1589936572093311
2015-11-05 01:30:00,0.7764855580000001,1.2740105468940843
2015-11-05 02:00:00,0.789533331,0.9491603360048497
2015-11-05 02:30:00,1.1319916669999999,0.9593863587207192
2015-11-05 03:00:00,1.081673335,1.2626362545777248
2015-11-05 03:30:00,0.8222827769999999,1.2231999150539892
2015-11-05 04:00:00,0.8132566670000002,0.9868335458017583
2015-11-05 04:30:00,1.2206922230000001,0.9797594492570134
2015-11-05 05:00:00,1.510068332,1.383122947069289
2015-11-05 05:30:00,1.391860001,1.609917716112542
2015-11-05 06:00:00,1.457763888,1.518995560967432
2015-11-05 06:30:00,3.635345,1.5706468769066397
2015-11-05 07:00:00,2.553294444,3.281648806792713
2015-11-05 07:30:00,1.8004727799999998,2.4336057296043894
2015-11-05 08:00:00,1.093844445,1.8032451404071423
2015-11-05 08:30:00,1.045277223,1.2494343555792096
2015-11-05 09:00:00,1.189276111,1.2135854375942223
2015-11-05 09:30:00,1.716543335,1.32644269681753
2015-11-05 10:00:00,2.4048283350000004,1.7393536975542094
2015-11-05 10:30:00,2.0084266680000002,2.2787881316903587
2015-11-05 11:00:00,1.486186668,1.9605967176861938
2015-11-05 11:30:00,1.114280552,1.551297896873213
2015-11-05 12:00:00,1.7780605530000002,1.263153377116863
2015-11-05 12:30:00,2.064945001,1.7833823363856656
2015-11-05 13:00:00,1.5235577790000001,2.018358494325369
2015-11-05 13:30:00,1.093311666,1.5940532868195962
2015-11-05 14:00:00,1.602753888,1.2401884692452416
2015-11-05 14:30:00,1.4525094429999998,1.6394571976784222
2015-11-05 15:00:00,0.882771667,1.5095688392560067
2015-11-05 15:30:00,0.7616288910000001,1.063044253070709
2015-11-05 16:00:00,0.9198100019999998,0.9506284401757625
2015-11-05 16:30:00,1.316959447,1.0746008325761665
2015-11-05 17:00:00,1.26045611,1.3925664847373458
2015-11-05 17:30:00,1.2833383330000003,1.3482827278322862
2015-11-05 18:00:00,1.751930556,1.3467991768008662
2015-11-05 18:30:00,1.805310001,1.7140522487908187
2015-11-05 19:00:00,1.203376112,1.7326568051057158
2015-11-05 19:30:00,1.3367399989999997,1.2608989332937686
2015-11-05 20:00:00,0.819897223,1.3732040639087604
2015-11-05 20:30:00,1.111317223,0.9681352473445237
2015-11-05 21:00:00,1.1802450009999998,1.1954533931331515
2015-11-05 21:30:00,1.702778331,1.2494746443905402
2015-11-05 22:00:00,3.1383055549999996,1.6531334515449991
2015-11-05 22:30:00,2.480700558,2.7782092788047477
2015-11-05 23:00:00,1.155431667,2.2971271228159775
2015-11-05 23:30:00,0.957474999,1.2584648327837584
2015-11-06 00:00:00,1.2569583350000002,1.1215573319183836
2015-11-06 00:30:00,1.2723672229999998,1.3562735089211753
2015-11-06 01:00:00,0.870127222,1.3563302728454403
2015-11-06 01:30:00,0.7688033320000001,1.0410798935311174
2015-11-06 02:00:00,1.0938850009999999,0.9671034597736146
2015-11-06 02:30:00,1.194792778,1.2218819979737052
2015-11-06 03:00:00,1.023522777,1.324733783855761
2015-11-06 03:30:00,0.8969361109999999,1.1905031438244773
2015-11-06 04:00:00,1.1140661099999998,1.0988941792743674
2015-11-06 04:30:00,1.529631669,1.2690669974304338
2015-11-06 05:00:00,1.501394443,1.5823921345257865
2015-11-06 05:30:00,0.825527225,1.5602615751951534
2015-11-06 06:00:00,0.85091611,1.0296753703561503
2015-11-06 06:30:00,2.0704205539999996,1.0495735794022902
2015-11-06 07:00:00,2.8291111099999995,1.9676503531030667
2015-11-06 07:30:00,2.107540555,2.562264227821098
2015-11-06 08:00:00,0.8826922239999999,1.9719649218501552
2015-11-06 08:30:00,0.8507811129999999,1.0120059421606502
2015-11-06 09:00:00,0.7354505540000001,0.9937817670460536
2015-11-06 09:30:00,1.150615,0.9033929385334893
2015-11-06 10:00:00,1.224662222,1.2303600018283074
2015-11-06 10:30:00,0.8769738899999999,1.2883935508652957
2015-11-06 11:00:00,0.988276665,1.017175230331178
2015-11-06 11:30:00,1.1312944440000001,1.1044073354183261
2015-11-06 12:00:00,1.5174200009999999,1.2339214735564727
2015-11-06 12:30:00,1.3749238869999998,1.5365423665670717
2015-11-06 13:00:00,1.133877779,1.4386466483763378
2015-11-06 13:30:00,1.255621111,1.2497298902460567
2015-11-06 14:00:00,1.905047219,1.3396817167063624
2015-11-06 14:30:00,1.1875805540000002,1.8486609986640126
2015-11-06 15:00:00,1.151015553,1.2963718699902138
2015-11-06 15:30:00,0.7934561079999999,1.2677145251060118
2015-11-06 16:00:00,0.7876588900000001,0.9919126707073609
2015-11-06 16:30:00,0.778730555,0.9873691763534307
2015-11-06 17:00:00,1.381291667,0.9685244863049984
2015-11-06 17:30:00,1.641751113,1.4407739360012268
2015-11-06 18:00:00,1.3193200000000003,1.6489835086560642
2015-11-06 18:30:00,0.8865005559999999,1.3962823093141576
2015-11-06 19:00:00,0.793612779,1.0654452616715577
2015-11-06 19:30:00,1.1693261130000001,0.9926456722221868
2015-11-06 20:00:00,1.1162483319999998,1.3054559472186735
2015-11-06 20:30:00,0.8348711109999999,1.263856925361539
2015-11-06 21:00:00,0.7631188870000001,1.0659552718265868
2015-11-06 21:30:00,1.059140557,1.0097203976807752
2015-11-06 22:00:00,2.406443334,1.2606837920755396
2015-11-06 22:30:00,2.575434999,2.316614854238823
2015-11-06 23:00:00,0.8987788889999998,2.4374174924734184
2015-11-06 23:30:00,0.974231667,1.123360030900427
2015-11-07 00:00:00,1.4702322230000002,1.187053542233734
2015-11-07 00:30:00,1.1828116659999999,1.5757875394254137
2015-11-07 01:00:00,1.1357827759999999,1.3409108819209
2015-11-07 01:30:00,0.9360033319999999,1.3040525998644839
2015-11-07 02:00:00,1.2146666670000001,1.1559057200952072
2015-11-07 02:30:00,0.975987223,1.3743044915782665
2015-11-07 03:00:00,0.765661114,1.183924257801177
2015-11-07 03:30:00,0.7935988900000001,1.0190839001114522
2015-11-07 04:00:00,1.0712394449999998,1.0316947011035023
2015-11-07 04:30:00,1.27617167,1.2492918820382481
2015-11-07 05:00:00,0.8464827769999999,1.3887010896575536
2015-11-07 05:30:00,0.76026778,1.0519379975517502
2015-11-07 06:00:00,0.785420554,0.9942959586194959
2015-11-07 06:30:00,1.3850738889999998,1.0140091187343394
2015-11-07 07:00:00,2.2395505549999997,1.4718191585120106
2015-11-07 07:30:00,2.0483594440000004,2.1415041535449593
2015-11-07 08:00:00,3.751526112,2.019641902363132
2015-11-07 08:30:00,1.547713336,3.3544766696355977
2015-11-07 09:00:00,4.368991111,1.612838009133104
2015-11-07 09:30:00,1.379957221,3.8239778423388504
2015-11-07 10:00:00,1.1444666680000002,1.453966519636852
2015-11-07 10:30:00,0.7519683349999999,1.2694038556212721
2015-11-07 11:00:00,1.167874999,0.9912236464624975
2015-11-07 11:30:00,2.169485556,1.3171850954963915
2015-11-07 12:00:00,2.061619445,2.0856352338366477
2015-11-07 12:30:00,1.079493889,2.001096569548233
2015-11-07 13:00:00,2.142656668,1.2592595675260938
2015-11-07 13:30:00,2.872305558,2.092499594672523
2015-11-07 14:00:00,1.5240722209999997,2.6560873459223657
2015-11-07 14:30:00,2.370450555,1.599426969438662
2015-11-07 15:00:00,2.1740638889999997,2.2545830876118718
2015-11-07 15:30:00,1.843884444,2.1006675874257645
2015-11-07 16:00:00,1.0519916650000003,1.8785541409371653
2015-11-07 16:30:00,1.156163888,1.2579184549402793
2015-11-07 17:00:00,1.044692223,1.3361654400963268
2015-11-07 17:30:00,1.4750516649999998,1.2488009696640354
2015-11-07 18:00:00,1.720847222,1.6146227553349002
2015-11-07 18:30:00,1.3628966680000003,1.8072618324664287
2015-11-07 19:00:00,1.689746667,1.5261186949962156
2015-11-07 19:30:00,2.1353538879999996,1.7822831388791505
2015-11-07 20:00:00,2.384267779,2.118352588744373
2015-11-07 20:30:00,2.9215899989999996,2.313435619669371
2015-11-07 21:00:00,3.122957222,2.7472542910117514
2015-11-07 21:30:00,2.8685422220000003,2.905073238094098
2015-11-07 22:00:00,1.7873333340000002,2.7015350917737635
2015-11-07 22:30:00,0.8926399989999999,1.8541516609547646
2015-11-07 23:00:00,0.820071664,1.1465776377469385
2015-11-07 23:30:00,1.1360927779999999,1.0897031471987972
2015-11-08 00:00:00,1.073414443,1.330472198857219
2015-11-08 00:30:00,0.767306667,1.2813488674271856
2015-11-08 01:00:00,0.836655556,1.0488385051025464
2015-11-08 01:30:00,0.9196511110000001,1.103189796639752
2015-11-08 02:00:00,1.6232133340000001,1.1638459848310845
2015-11-08 02:30:00,1.3539627770000002,1.7152537441801563
2015-11-08 03:00:00,1.1932788920000001,1.4967241943380163
2015-11-08 03:30:00,1.685013888,1.3707902853035705
2015-11-08 04:00:00,1.7695027779999999,1.7525542213972738
2015-11-08 04:30:00,1.368658333,1.8187712921861783
2015-11-08 05:00:00,1.7439716650000001,1.4833184241017037
2015-11-08 05:30:00,1.3464988900000001,1.777465376121829
2015-11-08 06:00:00,2.5335805550000003,1.4537301080734704
2015-11-08 06:30:00,3.5574933299999993,2.384089953533813
2015-11-08 07:00:00,2.6603461100000003,3.1711371506477004
2015-11-08 07:30:00,3.1761599990000002,2.4680096628228636
2015-11-08 08:00:00,3.8901066669999995,2.899700375448244
2015-11-08 08:30:00,3.031719446,3.4592468087657924
2015-11-08 09:00:00,3.6004133349999994,2.810599244517128
2015-11-08 09:30:00,1.729266666,3.2563056978168525
2015-11-08 10:00:00,1.192061109,1.7962219730898843
2015-11-08 10:30:00,1.6532233339999998,1.375194091245751
2015-11-08 11:00:00,1.35581,1.6719204293364065
2015-11-08 11:30:00,1.348891666,1.4388265895304606
2015-11-08 12:00:00,1.00611389,1.4315760574452892
2015-11-08 12:30:00,0.986219443,1.1629284250967604
2015-11-08 13:00:00,1.083453335,1.1599172614379327
2015-11-08 13:30:00,1.207490554,1.2361230621017203
2015-11-08 14:00:00,1.326951111,1.3287628957336324
2015-11-08 14:30:00,1.1110350009999999,1.4223885565672756
2015-11-08 15:00:00,1.6230561110000001,1.2548975251421997
2015-11-08 15:30:00,1.406288333,1.6561874235688876
2015-11-08 16:00:00,1.7724422250000003,1.5089049578945302
2015-11-08 16:30:00,2.2244622199999995,1.7958733177131645
2015-11-08 17:00:00,3.3682677770000002,2.212871817249015
2015-11-08 17:30:00,2.834592223,3.109314574830652
2015-11-08 18:00:00,2.990872779,2.692284690244751
2015-11-08 18:30:00,3.9410927770000006,2.814767547334972
2015-11-08 19:00:00,5.74111778,3.522455355700143
2015-11-08 19:30:00,3.9721005540000003,4.9332015857127445
2015-11-08 20:00:00,2.5540933330000004,3.5262986707955815
2015-11-08 20:30:00,2.459945558,2.4149539184602737
2015-11-08 21:00:00,3.480307779,2.3249118297252593
2015-11-08 21:30:00,3.554083334,3.124607475132379
2015-11-08 22:00:00,3.712076667,3.1300581706676676
2015-11-08 22:30:00,1.6811572209999999,3.2538833944981143
2015-11-08 23:00:00,1.6241783330000001,1.6643787541239217
2015-11-08 23:30:00,1.0387788869999999,1.61972229029573
2015-11-09 00:00:00,0.825760556,1.1598521273702183
2015-11-09 00:30:00,0.9775450010000001,0.9929017756356728
2015-11-09 01:00:00,1.279546665,1.1000495877487229
2015-11-09 01:30:00,1.7749800009999999,1.336739471631148
2015-11-09 02:00:00,1.5792561130000002,1.671220435772507
2015-11-09 02:30:00,1.393094446,1.517824379240392
2015-11-09 03:00:00,1.784889444,1.4250125748750637
2015-11-09 03:30:00,1.9327794450000004,1.7320768186745132
2015-11-09 04:00:00,1.896190555,1.7900993782032781
2015-11-09 04:30:00,3.6401772230000002,1.7614233106254282
2015-11-09 05:00:00,2.5237238899999994,3.1588478349523097
2015-11-09 05:30:00,2.498494446,2.283842027871998
2015-11-09 06:00:00,2.202023336,2.29345298405576
2015-11-09 06:30:00,1.1422011129999998,2.0610976000788233
2015-11-09 07:00:00,1.312293889,1.2130092617931734
2015-11-09 07:30:00,1.097102223,1.3463172670122407
2015-11-09 08:00:00,2.094152223,1.1741258809010713
2015-11-09 08:30:00,0.86684389,1.9555508757149163
2015-11-09 09:00:00,2.95685,1.0599370732219722
2015-11-09 09:30:00,2.2625433349999997,2.6979522316068607
2015-11-09 10:00:00,1.9519849970000003,2.2126569385206523
2015-11-09 10:30:00,2.4734283329999998,1.9692608724647416
2015-11-09 11:00:00,3.4026694429999993,2.36710580298734
2015-11-09 11:30:00,2.987299443,3.0953864604895323
2015-11-09 12:00:00,1.294742778,2.7731528124870266
2015-11-09 12:30:00,2.715890557,1.446633497337574
2015-11-09 13:00:00,1.951939443,2.5716096401630697
2015-11-09 13:30:00,1.0904505549999999,1.9728728713997379
2015-11-09 14:00:00,0.8678811120000001,1.2839523149128205
2015-11-09 14:30:00,1.1218633319999998,1.1095164031310691
2015-11-09 15:00:00,2.001665557,1.3131830045840402
2015-11-09 15:30:00,1.7074333329999998,2.002716577732663
2015-11-09 16:00:00,8.56988722,1.7752384788782596
2015-11-09 16:30:00,5.678832224000001,7.153597631437531
2015-11-09 17:00:00,3.695947777,4.919364935057097
2015-11-09 17:30:00,4.452738888999999,3.3653049895042884
2015-11-09 18:00:00,4.699602222999999,3.9343028232008344
2015-11-09 18:30:00,4.797885557999999,4.127778756695322
2015-11-09 19:00:00,3.2505283310000004,4.176179275825996
2015-11-09 19:30:00,6.283888889000001,2.963458135378036
2015-11-09 20:00:00,5.950442777000002,5.320477475120424
2015-11-09 20:30:00,3.4730255569999997,5.059143413297752
2015-11-09 21:00:00,5.671411666999999,3.0992483153267187
2015-11-09 21:30:00,4.109042778,4.822204891832989
2015-11-09 22:00:00,1.8672083369999999,3.6019431001854185
2015-11-09 22:30:00,1.8069461100000002,1.8449344582598153
2015-11-09 23:00:00,1.316086111,1.7224411443672931
2015-11-09 23:30:00,1.2049788890000002,1.3377359919948955
2015-11-10 00:00:00,2.26765778,1.2642616490854852
2015-11-10 00:30:00,1.1892694430000001,2.0971224352932545
2015-11-10 01:00:00,1.156282223,1.2729791346852561
2015-11-10 01:30:00,1.0905911099999996,1.2471258292167011
2015-11-10 02:00:00,1.335139445,1.1635079565394086
2015-11-10 02:30:00,1.6593461109999998,1.3551695396186023
2015-11-10 03:00:00,1.1946055560000002,1.6548447002170708
2015-11-10 03:30:00,1.109063332,1.2906103230236923
2015-11-10 04:00:00,1.6402999999999999,1.1751796253883064
2015-11-10 04:30:00,3.7470983349999996,1.5915294679607186
2015-11-10 05:00:00,2.255804446,3.242430001753509
2015-11-10 05:30:00,1.8120894440000002,2.073647774705977
2015-11-10 06:00:00,1.6371022230000003,1.7444908846950602
2015-11-10 06:30:00,2.361150001,1.607346921741934
2015-11-10 07:00:00,3.5040827780000003,2.2107139867777157
2015-11-10 07:30:00,1.9075911110000003,3.1064727143638926
2015-11-10 08:00:00,1.8745855550000001,1.8794457221961256
2015-11-10 08:30:00,1.4552011130000004,1.8535780461255893
2015-11-10 09:00:00,1.845697222,1.5421257748896249
2015-11-10 09:30:00,1.5244038909999997,1.8481720312961754
2015-11-10 10:00:00,1.402012778,1.6279799048987975
2015-11-10 10:30:00,1.491828334,1.532057458841643
2015-11-10 11:00:00,1.58366111,1.6876797709300773
2015-11-10 11:30:00,1.413903333,1.759652517040644
2015-11-10 12:00:00,1.349301669,1.5427659234500277
2015-11-10 12:30:00,2.3799255550000002,1.4921352078829386
2015-11-10 13:00:00,1.996290556,2.286573964235716
2015-11-10 13:30:00,1.2209288879999998,1.9859050137277325
2015-11-10 14:00:00,1.659441111,1.4143377796816097
2015-11-10 14:30:00,1.6530516670000002,1.7580160421394426
2015-11-10 15:00:00,2.744942222,1.8189383943278008
2015-11-10 15:30:00,2.3172811120000003,2.6746934429995433
2015-11-10 16:00:00,2.471511111,2.3237596400708753
2015-11-10 16:30:00,1.866893885,2.4446353997305854
2015-11-10 17:00:00,1.6855150000000003,1.945551022614592
2015-11-10 17:30:00,2.5234738889999995,1.803397675971529
2015-11-10 18:00:00,2.9242227759999997,2.455539731518919
2015-11-10 18:30:00,1.958371665,2.769621469591863
2015-11-10 19:00:00,1.9245594430000001,1.9754189208018946
2015-11-10 19:30:00,1.889436665,1.9489190307251736
2015-11-10 20:00:00,1.584543887,1.9553601663749358
2015-11-10 20:30:00,1.884947222,1.716404409424503
2015-11-10 21:00:00,1.6282911100000002,1.9660900083041541
2015-11-10 21:30:00,2.0160349989999995,1.7649391121720228
2015-11-10 22:00:00,1.9674611120000003,2.0173114792657714
2015-11-10 22:30:00,2.1101633320000004,1.9792423258661795
2015-11-10 23:00:00,1.4349061090000002,2.134986945676398
2015-11-10 23:30:00,0.832062777,1.6057628626506864
2015-11-11 00:00:00,1.2943133320000002,1.1497200623890134
2015-11-11 00:30:00,1.646385553,1.5120029344050332
2015-11-11 01:00:00,1.4229705540000002,1.7349114258229648
2015-11-11 01:30:00,1.8049855570000002,1.5598128205023594
2015-11-11 02:00:00,2.4331216679999996,1.9154220731746197
2015-11-11 02:30:00,1.867148333,2.407715596348546
2015-11-11 03:00:00,1.3955533329999998,1.9701026264257449
2015-11-11 03:30:00,1.3308816669999999,1.6004961669410296
2015-11-11 04:00:00,1.4670999980000001,1.5308653283602442
2015-11-11 04:30:00,3.9190016660000007,1.637624677034058
2015-11-11 05:00:00,2.5316400000000003,3.5497197138327206
2015-11-11 05:30:00,2.322246668,2.462393017419325
2015-11-11 06:00:00,1.7591594459999997,2.288371665949839
2015-11-11 06:30:00,1.696352776,1.847059365131333
2015-11-11 07:00:00,2.738977223,1.8029094570882584
2015-11-11 07:30:00,2.675996666,2.6200528331373656
2015-11-11 08:00:00,1.130215556,2.6124329800070774
2015-11-11 08:30:00,1.083158335,1.400947100798323
2015-11-11 09:00:00,1.26596722,1.3735582899331433
2015-11-11 09:30:00,1.9021522239999997,1.5168323805134039
2015-11-11 10:00:00,2.455498334,2.0165893037474643
2015-11-11 10:30:00,1.528226111,2.450267134485152
2015-11-11 11:00:00,1.531192224,1.7095333345379702
2015-11-11 11:30:00,1.351407775,1.711857987098667
2015-11-11 12:00:00,2.233848888,1.5780636812617415
2015-11-11 12:30:00,1.7717361110000003,2.2696654486250107
2015-11-11 13:00:00,3.322262225,1.813813584212256
2015-11-11 13:30:00,3.0227622200000006,3.0290182987112075
2015-11-11 14:00:00,2.5126094450000003,2.707929197648359
2015-11-11 14:30:00,3.567348888,2.308103582525102
2015-11-11 15:00:00,1.7340827779999999,3.145620040035963
2015-11-11 15:30:00,1.874139447,1.7088215239142563
2015-11-11 16:00:00,3.495946667,1.855533735445709
2015-11-11 16:30:00,2.930689446,3.1266040914735473
2015-11-11 17:00:00,2.2403944460000003,2.692705134127076
2015-11-11 17:30:00,2.6484249999999996,2.151695388582697
2015-11-11 18:00:00,9.348674444999999,2.4783097632785775
2015-11-11 18:30:00,5.660816667,7.729543289992972
2015-11-11 19:00:00,3.495702779,4.78576720345488
2015-11-11 19:30:00,4.432399443,3.0888872990350604
2015-11-11 20:00:00,3.231911667,3.8844532387516484
2015-11-11 20:30:00,2.4877022220000002,2.943586527819515
2015-11-11 21:00:00,2.34112778,2.361546261921628
2015-11-11 21:30:00,2.9571505540000005,2.2466704456840354
2015-11-11 22:00:00,2.574595556,2.7501481557209653
2015-11-11 22:30:00,1.4534844449999997,2.45032564197726
2015-11-11 23:00:00,1.4829849999999998,1.596683649717809
2015-11-11 23:30:00,1.5987800009999997,1.6198043267529432
2015-11-12 00:00:00,1.2987738890000002,1.6521215243622098
2015-11-12 00:30:00,1.286,1.416995628455565
2015-11-12 01:00:00,1.5221172220000003,1.3590636610034714
2015-11-12 01:30:00,1.71653389,1.544117468713024
2015-11-12 02:00:00,1.4709533320000001,1.7469592107711698
2015-11-12 02:30:00,1.45400611,1.5544886363149937
2015-11-12 03:00:00,2.118732776,1.5586578069778376
2015-11-12 03:30:00,1.7957911129999997,2.0796287026517497
2015-11-12 04:00:00,1.8514672220000001,1.779122804558348
2015-11-12 04:30:00,4.0530844450000005,1.8227582322566391
2015-11-12 05:00:00,2.8695216689999996,3.5832476369148143
2015-11-12 05:30:00,1.8289872220000003,2.655645675029593
2015-11-12 06:00:00,2.0617938890000005,1.8534469827645443
2015-11-12 06:30:00,3.0400561109999997,2.035906185967095
2015-11-12 07:00:00,4.241150555000001,2.822065061673637
2015-11-12 07:30:00,3.059467777,3.763407240775626
2015-11-12 08:00:00,3.8057088900000005,2.8788018336396117
2015-11-12 08:30:00,2.402378333,3.4636586190123637
2015-11-12 09:00:00,4.259386114000001,2.3744273813066172
2015-11-12 09:30:00,2.036077223,3.8298331238844163
2015-11-12 10:00:00,1.7318505570000002,2.136670563262334
2015-11-12 10:30:00,2.326012778,1.8982368629451152
2015-11-12 11:00:00,2.0591416670000005,2.2670190938320154
2015-11-12 11:30:00,1.6317761130000001,2.057862324834333
2015-11-12 12:00:00,2.945859999,1.7496225509328784
2015-11-12 12:30:00,2.225085556,2.779518738488674
2015-11-12 13:00:00,1.683227779,2.214090950197625
2015-11-12 13:30:00,1.5400966649999999,1.7894169513188665
2015-11-12 14:00:00,2.052148334,1.6197147852991929
2015-11-12 14:30:00,2.372870557,2.021028633945445
2015-11-12 15:00:00,3.7599538880000005,2.347341704767002
2015-11-12 15:30:00,3.485710555,3.4344502597372095
2015-11-12 16:00:00,4.461802776,3.1947585084165144
2015-11-12 16:30:00,3.1406322239999995,3.959758115991619
2015-11-12 17:00:00,2.736850556,2.844096646898442
2015-11-12 17:30:00,2.6804061110000004,2.5276380060852173
2015-11-12 18:00:00,3.795901667,2.4713025374633437
2015-11-12 18:30:00,2.606245554,3.3455576992527885
2015-11-12 19:00:00,3.5644061120000003,2.3698921498448335
2015-11-12 19:30:00,3.0918844450000007,3.120838049314248
2015-11-12 20:00:00,2.984432779,2.7760300274622427
2015-11-12 20:30:00,3.016085558,2.691816179062675
2015-11-12 21:00:00,2.962958886,2.8108085671183574
2015-11-12 21:30:00,2.655760555,2.769171227574626
2015-11-12 22:00:00,2.4732577779999994,2.5076886359181945
2015-11-12 22:30:00,2.523301109,2.3646544535093508
2015-11-12 23:00:00,1.5195188899999998,2.386486461062896
2015-11-12 23:30:00,1.3989999999999998,1.5997851769986022
2015-11-13 00:00:00,1.7901394430000004,1.4615456162404836
2015-11-13 00:30:00,1.3669505570000002,1.7680960773184289
2015-11-13 01:00:00,1.3770361140000003,1.4467383616320717
2015-11-13 01:30:00,1.6159522220000002,1.4546427860104068
2015-11-13 02:00:00,1.4877427790000002,1.6447945754649176
2015-11-13 02:30:00,1.5833938870000002,1.5443120887978887
2015-11-13 03:00:00,1.9615361119999999,1.6781548086138987
2015-11-13 03:30:00,2.1376172240000004,1.9745188688009714
2015-11-13 04:00:00,2.264620001,2.1167253872583816
2015-11-13 04:30:00,3.8661166679999996,2.216262165111617
2015-11-13 05:00:00,2.7482966660000003,3.4843129451474883
2015-11-13 05:30:00,2.324260555999999,2.608236028979131
2015-11-13 06:00:00,2.027957222,2.2716275851314656
2015-11-13 06:30:00,2.503625557,2.0394036934166326
2015-11-13 07:00:00,3.7271305539999995,2.4143705056914886
2015-11-13 07:30:00,3.056529445,3.3732766647962844
2015-11-13 08:00:00,2.168429444,2.7929479617966733
2015-11-13 08:30:00,2.304373889,2.0969111144213155
2015-11-13 09:00:00,1.7704977790000003,2.2022293113660316
2015-11-13 09:30:00,1.841281668,1.7838108403886634
2015-11-13 10:00:00,2.7051544450000002,1.8537079142647581
2015-11-13 10:30:00,1.83095389,2.530756989323228
2015-11-13 11:00:00,1.7380994450000002,1.8620649789408326
2015-11-13 11:30:00,1.57830111,1.7892915130137803
2015-11-13 12:00:00,1.2321300009999998,1.6568469859202999
2015-11-13 12:30:00,1.430428891,1.3855398728818091
2015-11-13 13:00:00,1.9343283350000005,1.537017687932054
2015-11-13 13:30:00,1.5768372229999998,1.9319423360584267
2015-11-13 14:00:00,1.245977776,1.6372646246691902
2015-11-13 14:30:00,1.611980554,1.3779578279628204
2015-11-13 15:00:00,1.7995000020000003,1.6753285107038423
2015-11-13 15:30:00,1.469060002,1.8222944438876292
2015-11-13 16:00:00,2.6677138899999995,1.5837092369251762
2015-11-13 16:30:00,2.237630554,2.5231386619429728
2015-11-13 17:00:00,1.884515556,2.2632206321264796
2015-11-13 17:30:00,2.2938500010000005,1.9864713362227224
2015-11-13 18:00:00,2.414714443,2.297426947128188
2015-11-13 18:30:00,2.845475556,2.3921528846067774
2015-11-13 19:00:00,2.387174443,2.737475898742856
2015-11-13 19:30:00,2.993469444,2.3782883506267094
2015-11-13 20:00:00,2.508676667,2.8529038512277687
2015-11-13 20:30:00,1.804093335,2.472953805339383
2015-11-13 21:00:00,1.3510688890000002,1.9010485401472348
2015-11-13 21:30:00,2.5655133339999994,1.5459965112960283
2015-11-13 22:00:00,2.9050422210000004,2.485191091918045
2015-11-13 22:30:00,2.7971677759999993,2.7512924496865887
2015-11-13 23:00:00,3.3845777779999997,2.684845164757176
2015-11-13 23:30:00,2.3171105560000003,3.1452201286671606
2015-11-14 00:00:00,2.470170556,2.2938771944061855
2015-11-14 00:30:00,2.4678611150000003,2.413835982537379
2015-11-14 01:00:00,2.228842223,2.4248915019325077
2015-11-14 01:30:00,2.027429444,2.2375635480269747
2015-11-14 02:00:00,3.1958638900000005,2.077352719401617
2015-11-14 02:30:00,2.601552777,2.9930980490298875
2015-11-14 03:00:00,1.771251111,2.525489596488775
2015-11-14 03:30:00,1.9528138890000002,1.8747514438906334
2015-11-14 04:00:00,3.2677161119999996,2.011989219986517
2015-11-14 04:30:00,1.9828483329999997,3.0425267685432456
2015-11-14 05:00:00,2.0488977759999996,2.029196694988646
2015-11-14 05:30:00,3.1708916660000006,2.0809620885533944
2015-11-14 06:00:00,3.2989999990000003,2.95270699229283
2015-11-14 06:30:00,3.965070001,3.053110235309865
2015-11-14 07:00:00,3.620454446,3.56480615417785
2015-11-14 07:30:00,4.061938887999999,3.2947181863942436
2015-11-14 08:00:00,2.808958333,3.6543723635445673
2015-11-14 08:30:00,2.7531977750000003,2.6723651184789015
2015-11-14 09:00:00,2.472331666,2.6899866446899185
2015-11-14 09:30:00,3.793873333000001,2.469861477678526
2015-11-14 10:00:00,3.379138334,3.4459168454893145
2015-11-14 10:30:00,3.111490001,3.120873673689811
2015-11-14 11:00:00,4.363836109999999,2.957824836476062
2015-11-14 11:30:00,4.761003888,3.939334842724959
2015-11-14 12:00:00,7.1881083330000015,4.233165476848054
2015-11-14 12:30:00,4.269829442,6.135377079422433
2015-11-14 13:00:00,2.317186668,3.830812227716881
2015-11-14 13:30:00,5.398717777000001,2.300453800811269
2015-11-14 14:00:00,2.657833332,4.711315579724673
2015-11-14 14:30:00,8.531310559,2.5631829753222135
2015-11-14 15:00:00,10.402611666,7.180313058501089
2015-11-14 15:30:00,6.555717777999999,8.646921009790008
2015-11-14 16:00:00,7.094136111,5.615478038318213
2015-11-14 16:30:00,5.733091110999999,6.037456417609326
2015-11-14 17:00:00,7.085748891,4.978462253407465
2015-11-14 17:30:00,4.430073332,6.038590229658813
2015-11-14 18:00:00,3.8497022249999997,3.9473209494600745
2015-11-14 18:30:00,5.423539445,3.492462628134584
2015-11-14 19:00:00,3.331281666,4.730770754031095
2015-11-14 19:30:00,3.397639998,3.090990879296326
2015-11-14 20:00:00,3.4513227790000003,3.128532010220569
2015-11-14 20:30:00,2.548947776,3.170605192974211
2015-11-14 21:00:00,2.029306112,2.475236331148035
2015-11-14 21:30:00,1.347141109,2.0679739224461064
2015-11-14 22:00:00,1.240025557,1.522668243092495
2015-11-14 22:30:00,1.8426333350000001,1.438717819677338
2015-11-14 23:00:00,2.0675055579999997,1.9123366470054144
2015-11-14 23:30:00,1.59508278,2.088577332719824
2015-11-15 00:00:00,2.4819127770000002,1.72451175516961
2015-11-15 00:30:00,1.7550716680000005,2.419553253395864
2015-11-15 01:00:00,1.4792055549999998,1.8391710907553485
2015-11-15 01:30:00,1.7148266640000003,1.622964605704107
2015-11-15 02:00:00,1.455700558,1.809508080307105
2015-11-15 02:30:00,2.203626665,1.6064213584404161
2015-11-15 03:00:00,2.9305644419999997,2.1722150310760435
2015-11-15 03:30:00,2.144967222,2.7419430774350158
2015-11-15 04:00:00,1.9395194429999996,2.121879209851672
2015-11-15 04:30:00,2.4934016659999996,1.9608621799739412
2015-11-15 05:00:00,3.3832516660000005,2.37875943342115
2015-11-15 05:30:00,2.757126665000001,3.076167819796056
2015-11-15 06:00:00,1.9670972240000002,2.568285841193326
2015-11-15 06:30:00,3.572648888,1.9491105221659852
2015-11-15 07:00:00,2.3262216669999995,3.193053246263176
2015-11-15 07:30:00,2.42560111,2.216182091651312
2015-11-15 08:00:00,1.694788333,2.312185629123819
2015-11-15 08:30:00,1.9600277780000002,1.7394206018161453
2015-11-15 09:00:00,1.891137222,1.976859529395309
2015-11-15 09:30:00,1.669453887,1.9228674503972414
2015-11-15 10:00:00,1.02989611,1.7639161952131799
2015-11-15 10:30:00,0.006266666,1.2626710895761715
2015-11-15 11:00:00,0.006266666,0.4688838086904248
2015-11-15 11:30:00,0.386712778,0.4688838086904248
2015-11-15 12:00:00,2.909254446,0.7687949523779967
2015-11-15 12:30:00,1.9781027770000001,2.745804239609937
2015-11-15 13:00:00,1.248637222,1.9693960022897787
2015-11-15 13:30:00,1.1342033320000002,1.3976868427363431
2015-11-15 14:00:00,1.1494533350000002,1.315746051766535
2015-11-15 14:30:00,0.9279988889999999,1.3276980436578008
2015-11-15 15:00:00,1.1176655560000002,1.148867266167514
2015-11-15 15:30:00,1.4973672230000001,1.2975160543695434
2015-11-15 16:00:00,1.111316111,1.6055057422727508
2015-11-15 16:30:00,1.512274999,1.3029431945645324
2015-11-15 17:00:00,1.2974622230000001,1.6297177334409092
2015-11-15 17:30:00,1.349846111,1.4613610087312683
2015-11-15 18:00:00,1.563263334,1.5103688858662743
2015-11-15 18:30:00,1.176781667,1.677631864027811
2015-11-15 19:00:00,1.3716455579999998,1.3874978149608257
2015-11-15 19:30:00,2.844711112,1.5402198600077952
2015-11-15 20:00:00,3.284764444,2.6821756675254225
2015-11-15 20:30:00,2.583723889,3.0270617541569003
2015-11-15 21:00:00,2.231637223,2.472963897588782
2015-11-15 21:30:00,1.824657778,2.197020543541268
2015-11-15 22:00:00,1.1374677760000003,1.8338433861288692
2015-11-15 22:30:00,1.000840558,1.2952671424610749
2015-11-15 23:00:00,1.063298334,1.196993048298454
2015-11-15 23:30:00,1.6587444439999999,1.2459435194753095
2015-11-16 00:00:00,1.466871111,1.6983118919800928
2015-11-16 00:30:00,1.048392778,1.5479336579452498
2015-11-16 01:00:00,1.586543887,1.228828911615734
2015-11-16 01:30:00,1.302712778,1.6505978575656757
2015-11-16 02:00:00,1.33462889,1.382981291080707
2015-11-16 02:30:00,1.7414100019999996,1.4079951295582944
2015-11-16 03:00:00,1.5937288910000003,1.7651225538406283
2015-11-16 03:30:00,1.648944446,1.6493794001399342
2015-11-16 04:00:00,1.4333572230000002,1.6796647858138716
2015-11-16 04:30:00,3.724929444,1.5107010983210616
2015-11-16 05:00:00,2.3106777769999995,3.283267480693432
2015-11-16 05:30:00,1.629459446,2.1748660950548526
2015-11-16 06:00:00,1.6699144439999998,1.6252445525922194
2015-11-16 06:30:00,1.459720555,1.656950632129198
2015-11-16 07:00:00,1.1313877749999999,1.4679242058291866
2015-11-16 07:30:00,1.553330557,1.210597651585454
2015-11-16 08:00:00,1.448445557,1.584509800567468
2015-11-16 08:30:00,0.797129445,1.5023075433275608
2015-11-16 09:00:00,2.476503336,1.0202057340585409
2015-11-16 09:30:00,3.0554011119999993,2.3363932212108205
2015-11-16 10:00:00,4.463291665000001,2.763308790071454
2015-11-16 10:30:00,2.8262272220000004,3.866724735186029
2015-11-16 11:00:00,4.976530556,2.602579336611253
2015-11-16 11:30:00,4.451168336,4.287851661589079
2015-11-16 12:00:00,4.450676669,3.8996274332347003
2015-11-16 12:30:00,3.556336666,3.8992420956057696
2015-11-16 13:00:00,1.1715477770000002,3.184177387067308
2015-11-16 13:30:00,2.2825527779999994,1.3151300522105416
2015-11-16 14:00:00,3.6119116649999996,2.184975336213503
2015-11-16 14:30:00,4.044927224,3.2268431075185653
2015-11-16 15:00:00,2.7634711109999994,3.5596822348394808
2015-11-16 15:30:00,2.0408833349999997,2.5553576408319643
2015-11-16 16:00:00,1.6183033329999998,2.0073522720481005
2015-11-16 16:30:00,3.4385861140000005,1.676160680983175
2015-11-16 17:00:00,8.555805553999999,3.136476766834848
2015-11-16 17:30:00,9.89625778,7.147031076411402
2015-11-16 18:00:00,7.734525001000001,8.22836113941441
2015-11-16 18:30:00,5.805231667,6.534131135283233
2015-11-16 19:00:00,4.6853388879999995,5.016156828725332
2015-11-16 19:30:00,5.945122222,4.138455400489901
2015-11-16 20:00:00,4.783311663999999,5.156094300892694
2015-11-16 20:30:00,2.9878566670000004,4.245540357499865
2015-11-16 21:00:00,5.884199443,2.853123849719946
2015-11-16 21:30:00,2.4526333340000006,5.123094903042162
2015-11-16 22:00:00,1.764119446,2.4257117282733187
2015-11-16 22:30:00,1.6057244419999999,1.8860979061383603
2015-11-16 23:00:00,1.4024166690000004,1.7539407753294824
2015-11-16 23:30:00,1.5574316659999998,1.594600947374878
2015-11-17 00:00:00,2.383497221,1.7057640906371798
2015-11-17 00:30:00,1.562401669,2.3531822462279424
2015-11-17 01:00:00,1.308675554,1.691040128243407
2015-11-17 01:30:00,1.2034522230000002,1.4921855792257936
2015-11-17 02:00:00,1.602037223,1.3841557917098424
2015-11-17 02:30:00,1.4204894440000002,1.6965416114359098
2015-11-17 03:00:00,1.1922411130000001,1.542121616168176
2015-11-17 03:30:00,1.3223216679999998,1.3632349496339558
2015-11-17 04:00:00,2.154378333,1.4676279384401827
2015-11-17 04:30:00,3.9369350009999997,2.119741548722967
2015-11-17 05:00:00,2.373561112,3.5131307420468403
2015-11-17 05:30:00,1.928236665,2.2878567506683494
2015-11-17 06:00:00,2.22286611,1.9321008539920372
2015-11-17 06:30:00,3.0976361100000003,2.1630128569318403
2015-11-17 07:00:00,2.7411494440000004,2.823381379894963
2015-11-17 07:30:00,2.215058335,2.5439895829637615
2015-11-17 08:00:00,1.5124272209999998,2.1497238597770547
2015-11-17 08:30:00,1.1040605549999998,1.5990458450200258
2015-11-17 09:00:00,1.388494445,1.3254167830116668
2015-11-17 09:30:00,1.592298333,1.5483381520685153
2015-11-17 10:00:00,1.883420556,1.7343056207374499
2015-11-17 10:30:00,1.77090111,1.9624688839619324
2015-11-17 11:00:00,1.431634999,1.8326124478337764
2015-11-17 11:30:00,2.413092777,1.5667170373441435
2015-11-17 12:00:00,1.912029446,2.34055053281382
2015-11-17 12:30:00,1.053353888,1.947848651435672
2015-11-17 13:00:00,1.442723333,1.2773329335202117
2015-11-17 13:30:00,1.2406888889999999,1.5824961816419654
2015-11-17 14:00:00,2.011267223,1.4355213377845732
2015-11-17 14:30:00,2.961989999,2.039452104195095
2015-11-17 15:00:00,1.974296669,2.807501079696878
2015-11-17 15:30:00,2.4466305559999997,2.033409253536787
2015-11-17 16:00:00,3.3890133329999994,2.3913398748676595
2015-11-17 16:30:00,3.575736667,3.129920143289384
2015-11-17 17:00:00,3.0117088920000006,3.2631759128342246
2015-11-17 17:30:00,3.1394138889999996,2.8211264658112682
2015-11-17 18:00:00,3.2036294430000005,2.864728436773321
2015-11-17 18:30:00,3.138184443,2.915056543639997
2015-11-17 19:00:00,3.1063222209999997,2.828199574283868
2015-11-17 19:30:00,3.6771905599999997,2.803227971394236
2015-11-17 20:00:00,2.744301668,3.249129789045762
2015-11-17 20:30:00,1.926464999,2.5179902297528542
2015-11-17 21:00:00,1.938503891,1.8462025194689797
2015-11-17 21:30:00,3.0493983319999995,1.8556378447973625
2015-11-17 22:00:00,2.2234788899999995,2.6948410863888004
2015-11-17 22:30:00,2.302879999,2.047537444965098
2015-11-17 23:00:00,2.061491665,2.1011291226478654
2015-11-17 23:30:00,2.567517223,1.9119441493325127
2015-11-18 00:00:00,2.2078261110000006,2.3201230103649024
2015-11-18 00:30:00,2.501469445,2.038219770478051
2015-11-18 01:00:00,2.706748335,2.2652596155806126
2015-11-18 01:30:00,2.9200366650000005,2.4261442808969367
2015-11-18 02:00:00,2.2594022230000004,2.5838638068161437
2015-11-18 02:30:00,2.3803661110000003,2.0661001385811533
2015-11-18 03:00:00,1.9868477770000001,2.1634126623695504
2015-11-18 03:30:00,2.2148777760000002,1.8549977763506922
2015-11-18 04:00:00,2.280043332,2.0299648479480616
2015-11-18 04:30:00,3.979500554,2.0810375065502793
2015-11-18 05:00:00,3.257165002,3.3967380866298607
2015-11-18 05:30:00,2.56101,2.830616974373248
2015-11-18 06:00:00,2.205538334,2.2758048513918627
2015-11-18 06:30:00,3.463875,1.9972085475349663
2015-11-18 07:00:00,4.344132223000001,2.9977273537731683
2015-11-18 07:30:00,2.020616666,3.687617525697971
2015-11-18 08:00:00,0.983118333,1.881782883531713
2015-11-18 08:30:00,1.276771666,1.0686570327881224
2015-11-18 09:00:00,2.3179433350000003,1.310864066338569
2015-11-18 09:30:00,1.5341661100000001,2.1268688464886587
2015-11-18 10:00:00,1.5392972209999998,1.544473043326395
2015-11-18 10:30:00,1.4033633359999997,1.5484944849657953
2015-11-18 11:00:00,4.88041889,1.4942108953225137
2015-11-18 11:30:00,1.857669999,4.219308050181246
2015-11-18 12:00:00,3.106864443,1.8469157578319653
2015-11-18 12:30:00,3.06393111,2.825955687548813
2015-11-18 13:00:00,1.3858505550000002,2.8234814935460903
2015-11-18 13:30:00,1.0258277789999999,1.5083076416950423
2015-11-18 14:00:00,1.141861666,1.2306152417504563
2015-11-18 14:30:00,1.210037221,1.321555294453134
2015-11-18 15:00:00,2.528863891,1.3749276778605157
2015-11-18 15:30:00,2.412477779,2.4085409608103268
2015-11-18 16:00:00,2.733588889,2.3129098333746327
2015-11-18 16:30:00,2.42299722,2.564576497500221
2015-11-18 17:00:00,2.528321666,2.297304765236369
2015-11-18 17:30:00,3.0320144430000004,2.3798514325743367
2015-11-18 18:00:00,2.709590002,2.7738783204597866
2015-11-18 18:30:00,2.473545,2.521182350211271
2015-11-18 19:00:00,2.174108334,2.3151009197290593
2015-11-18 19:30:00,2.481892223,2.080421319732946
2015-11-18 20:00:00,2.7023716650000003,2.3334989890596285
2015-11-18 20:30:00,3.086707223,2.506296889687891
2015-11-18 21:00:00,3.024798334,2.7891521620656654
2015-11-18 21:30:00,1.9747722209999998,2.740631873949969
2015-11-18 22:00:00,1.5581422210000002,1.9185002577012424
2015-11-18 22:30:00,1.9721372239999997,1.59197190346696
2015-11-18 23:00:00,0.9211444440000001,1.9174606737935855
2015-11-18 23:30:00,1.035632221,1.0937587253848928
2015-11-19 00:00:00,1.33846389,1.173406611151881
2015-11-19 00:30:00,1.3840033349999998,1.4107470006787786
2015-11-19 01:00:00,1.4456977770000001,1.4295777635728317
2015-11-19 01:30:00,1.578286664,1.4779299816360112
2015-11-19 02:00:00,1.289663332,1.5884793465999998
2015-11-19 02:30:00,1.617137223,1.3622745567587131
2015-11-19 03:00:00,1.470315,1.60169574479107
2015-11-19 03:30:00,1.5093694420000001,1.4866257334111683
2015-11-19 04:00:00,1.7456816679999998,1.525465679224487
2015-11-19 04:30:00,3.8330027779999996,1.7106723187876955
2015-11-19 05:00:00,2.257477779,3.3476305020468935
2015-11-19 05:30:00,1.6377011099999998,2.1128332359392195
2015-11-19 06:00:00,2.9865877789999997,1.6222289145215258
2015-11-19 06:30:00,3.070968332,2.6794013314793403
2015-11-19 07:00:00,2.8688016679999992,2.7038513753573454
2015-11-19 07:30:00,0.9946955560000001,2.5454058767687755
2015-11-19 08:00:00,1.012401109,1.112614630908217
2015-11-19 08:30:00,0.9708316650000001,1.1264911282365375
2015-11-19 09:00:00,1.2318427760000001,1.0742229298546224
2015-11-19 09:30:00,1.416950556,1.2787869999208485
2015-11-19 10:00:00,1.305045,1.4244654879648397
2015-11-19 10:30:00,1.926528334,1.3367609610936295
2015-11-19 11:00:00,2.291929444,1.8198274268191783
2015-11-19 11:30:00,2.193893336,2.1062058035171605
2015-11-19 12:00:00,1.9603694440000003,2.021902951790702
2015-11-19 12:30:00,1.769107778,1.8388816328046849
2015-11-19 13:00:00,1.81183389,1.6366054757253705
2015-11-19 13:30:00,2.2604999990000003,1.6700915113785628
2015-11-19 14:00:00,2.48058167,2.099372077473154
2015-11-19 14:30:00,1.2316755569999998,2.271858230243623
2015-11-19 15:00:00,2.546060557000001,1.2481821169411873
2015-11-19 15:30:00,1.9364266660000002,2.2783142986857303
2015-11-19 16:00:00,2.2056666659999995,1.8340286730103887
2015-11-19 16:30:00,2.121912779,2.04504202801132
2015-11-19 17:00:00,1.8614355550000001,2.0006019199314027
2015-11-19 17:30:00,2.3923305569999997,1.7964562768710497
2015-11-19 18:00:00,3.5517061130000003,2.2391573430882303
2015-11-19 18:30:00,5.107114445,3.147802885272271
2015-11-19 19:00:00,2.8238083309999995,4.412164671401006
2015-11-19 19:30:00,4.188244442,2.6226531441046124
2015-11-19 20:00:00,3.882218889,3.726139660295493
2015-11-19 20:30:00,2.441796115,3.486296105643339
2015-11-19 21:00:00,1.513049999,2.36503193884021
2015-11-19 21:30:00,1.562989442,1.6371392264600102
2015-11-19 22:00:00,1.5026316659999999,1.6443484575498042
2015-11-19 22:30:00,1.593077224,1.59704383411289
2015-11-19 23:00:00,1.1723794460000003,1.7159565391375242
2015-11-19 23:30:00,0.837947225,1.3862401166994864
2015-11-20 00:00:00,0.9109738890000001,1.1088429756275744
2015-11-20 00:30:00,0.842551667,1.166076675579907
2015-11-20 01:00:00,1.2724783329999998,1.0832802337475727
2015-11-20 01:30:00,1.2230077769999999,1.4202296773555982
2015-11-20 02:00:00,0.8324244439999999,1.38470345877022
2015-11-20 02:30:00,0.8324994459999999,1.0785888416859208
2015-11-20 03:00:00,0.9922066659999998,1.0419525105954257
2015-11-20 03:30:00,1.2683044449999998,1.1671209711141906
2015-11-20 04:00:00,1.041880556,1.40646109493915
2015-11-20 04:30:00,3.451262224,1.229004311139386
2015-11-20 05:00:00,1.318977778,3.0780744442440557
2015-11-20 05:30:00,1.55354889,1.4069241888334023
2015-11-20 06:00:00,1.898200555,1.5724989002266456
2015-11-20 06:30:00,2.0008288899999993,1.8426151687540093
2015-11-20 07:00:00,2.8865411110000005,1.9218672099502951
2015-11-20 07:30:00,3.038355,2.6160326657463777
2015-11-20 08:00:00,1.8139983320000002,2.7750574209624217
2015-11-20 08:30:00,1.870085555,1.8154837757668991
2015-11-20 09:00:00,3.906848888,1.8374839799405125
2015-11-20 09:30:00,3.0305705549999997,3.4337708029950766
2015-11-20 10:00:00,1.9849722230000002,2.753634625913021
2015-11-20 10:30:00,1.211229999,1.934160506099106
2015-11-20 11:00:00,1.196946112,1.3426453709792963
2015-11-20 11:30:00,1.1593761110000003,1.3314505599618993
2015-11-20 12:00:00,1.223268887,1.3185418753423495
2015-11-20 12:30:00,1.048474999,1.3686170091414986
2015-11-20 13:00:00,0.9260250010000001,1.2386309922805996
2015-11-20 13:30:00,0.9995772220000001,1.1426623958690811
2015-11-20 14:00:00,0.990217779,1.2070655305431544
2015-11-20 14:30:00,0.9110077790000001,1.1997301885866474
2015-11-20 15:00:00,1.1254744469999998,1.135917913419183
2015-11-20 15:30:00,1.520393889,1.3040033804766438
2015-11-20 16:00:00,2.108533332,1.626158646915509
2015-11-20 16:30:00,2.7074700030000005,2.087105300740385
2015-11-20 17:00:00,1.5122633310000002,2.6130721082549613
2015-11-20 17:30:00,2.570336114,1.6763443940289227
2015-11-20 18:00:00,2.175908333,2.5062109783521365
2015-11-20 18:30:00,2.25829889,2.1970833250525423
2015-11-20 19:00:00,1.6474605549999999,2.246526281520504
2015-11-20 19:30:00,3.6112561109999994,1.767789665744493
2015-11-20 20:00:00,2.4347605550000004,3.3097067077736018
2015-11-20 20:30:00,2.3451549990000005,2.3876435878239395
2015-11-20 21:00:00,1.939413333,2.315194537986784
2015-11-20 21:30:00,2.3252827770000004,1.9971997741837546
2015-11-20 22:00:00,1.8910216649999998,2.2819852141196435
2015-11-20 22:30:00,1.4541838909999998,1.9416387047244728
2015-11-20 23:00:00,1.216305556,1.5871850420475964
2015-11-20 23:30:00,1.905566113,1.400750984885267
2015-11-21 00:00:00,1.6442666670000001,1.9144500667530648
2015-11-21 00:30:00,1.9913783330000001,1.7096600178734596
2015-11-21 01:00:00,1.6859549979999997,1.9691856188980026
2015-11-21 01:30:00,2.4221838879999997,1.7298140447859698
2015-11-21 02:00:00,1.6967177759999998,2.2962544450012263
2015-11-21 02:30:00,1.734460556,1.7276797969823505
2015-11-21 03:00:00,2.205232221,1.6922600351018264
2015-11-21 03:30:00,2.147332223,2.0612212164679864
2015-11-21 04:00:00,2.183083336,2.0608512158702625
2015-11-21 04:30:00,2.239079444,2.0888706865995283
2015-11-21 05:00:00,2.888722778,2.085530786369233
2015-11-21 05:30:00,2.538166111,2.5946803163845766
2015-11-21 06:00:00,3.2635955570000004,2.3659972259091715
2015-11-21 06:30:00,3.984356666,2.934543137426508
2015-11-21 07:00:00,2.4032949990000003,3.5154869676663187
2015-11-21 07:30:00,3.398182222,2.276350409885021
2015-11-21 08:00:00,2.881957777,3.0589387134511092
2015-11-21 08:30:00,4.598408334000001,2.65435450578158
2015-11-21 09:00:00,2.880501111,4.06445801839733
2015-11-21 09:30:00,3.321085559,2.7180705324904633
2015-11-21 10:00:00,4.098328887,3.094967808718728
2015-11-21 10:30:00,2.727833334,3.7041221776585953
2015-11-21 11:00:00,1.864217775,2.645297285853374
2015-11-21 11:30:00,1.524966112,1.9684498020634642
2015-11-21 12:00:00,1.069863335,1.7004086569446022
2015-11-21 12:30:00,1.0669961100000003,1.3437277631509197
2015-11-21 13:00:00,1.513576112,1.3363611089478002
2015-11-21 13:30:00,1.655962223,1.6863623884692043
2015-11-21 14:00:00,1.4013116680000002,1.7977872990269272
2015-11-21 14:30:00,2.140493332,1.5982082321594504
2015-11-21 15:00:00,1.9362116660000002,2.178676384869977
2015-11-21 15:30:00,1.7833683329999999,2.018573280918707
2015-11-21 16:00:00,1.5213616669999999,1.9059720150207555
2015-11-21 16:30:00,3.4298161099999995,1.7006276916465586
2015-11-21 17:00:00,2.502006111,3.19465211755535
2015-11-21 17:30:00,1.9322183320000001,2.467493074722185
2015-11-21 18:00:00,2.904558889,1.9798589042955648
2015-11-21 18:30:00,2.663979443,2.741918193910946
2015-11-21 19:00:00,3.112409998,2.5556169899889127
2015-11-21 19:30:00,2.630497219,2.9070686164020767
2015-11-21 20:00:00,2.702360001,2.5178108502711716
2015-11-21 20:30:00,3.1099544469999993,2.574132372814333
2015-11-21 21:00:00,2.613209446,2.8443877423896833
2015-11-21 21:30:00,1.7581866640000001,2.455070296092879
2015-11-21 22:00:00,1.0286827799999998,1.7827994217344614
2015-11-21 22:30:00,0.9299988909999999,1.2110602223248232
2015-11-21 23:00:00,1.448967778,1.1576193895000753
2015-11-21 23:30:00,1.140852777,1.5643545179615579
2015-11-22 00:00:00,1.680409444,1.3247356258825924
2015-11-22 00:30:00,1.583500555,1.7476061596695143
2015-11-22 01:00:00,1.797874442,1.6446000757278316
2015-11-22 01:30:00,1.806194445,1.8126128268809323
2015-11-22 02:00:00,1.8084455530000003,1.8224006598674745
2015-11-22 02:30:00,1.6440644430000002,1.8241649365408872
2015-11-22 03:00:00,1.4470344450000003,1.7087596326670749
2015-11-22 03:30:00,1.9602066660000002,1.554339929377047
2015-11-22 04:00:00,1.638654445,1.9233590441966646
2015-11-22 04:30:00,1.7875933330000002,1.671346665050879
2015-11-22 05:00:00,1.5721172229999996,1.7921869899271208
2015-11-22 05:30:00,2.1843422230000002,1.6233103858057047
2015-11-22 06:00:00,2.0817255550000002,2.1322426388512783
2015-11-22 06:30:00,4.025809444,2.0518181573711978
2015-11-22 07:00:00,1.821241667,3.4426631209367944
2015-11-22 07:30:00,1.9260911120000002,1.714861743163369
2015-11-22 08:00:00,2.5507561130000003,1.8394001291499977
2015-11-22 08:30:00,2.423692778,2.3289732149198343
2015-11-22 09:00:00,2.3427255570000005,2.249779760897285
2015-11-22 09:30:00,1.7565372229999998,2.1863227524724156
2015-11-22 10:00:00,2.9144061110000004,1.747434758909094
2015-11-22 10:30:00,2.3151800030000005,2.6548994696061623
2015-11-22 11:00:00,3.4247888900000003,2.2211392174728433
2015-11-22 11:30:00,3.1949599969999998,3.0907807788482717
2015-11-22 12:00:00,2.9124533329999998,2.92070430570125
2015-11-22 12:30:00,3.482778332,2.6992933750046184
2015-11-22 13:00:00,4.690119442000001,3.1642244395438937
2015-11-22 13:30:00,6.89395889,4.110462362035536
2015-11-22 14:00:00,3.5915261099999998,5.867822733750287
2015-11-22 14:30:00,6.554691669,3.2795839112393095
2015-11-22 15:00:00,4.097091111,5.602665898153697
2015-11-22 15:30:00,6.064683332,3.676553362885003
2015-11-22 16:00:00,4.686703887,5.233868228304788
2015-11-22 16:30:00,3.2369099989999994,4.153894725809718
2015-11-22 17:00:00,3.5584983300000004,3.040281732087264
2015-11-22 17:30:00,3.7541127760000004,3.292322411976807
2015-11-22 18:00:00,6.325600559,3.456472831007212
2015-11-22 18:30:00,5.140625001,5.47184300050186
2015-11-22 19:00:00,3.0988899990000003,4.534558591713022
2015-11-22 19:30:00,3.824998889,2.9343752876168443
2015-11-22 20:00:00,3.5934111109999995,3.5088006338049524
2015-11-22 20:30:00,3.413362778,3.327296719033777
2015-11-22 21:00:00,3.1623777790000003,3.1860599110799583
2015-11-22 21:30:00,2.9760844440000005,2.9893536761449724
2015-11-22 22:00:00,2.162831111,2.8460129082880172
2015-11-22 22:30:00,1.411803887,2.208636165374556
2015-11-22 23:00:00,0.7795594459999999,1.627899243187116
2015-11-22 23:30:00,1.0732505540000001,1.132385869705839
2015-11-23 00:00:00,1.1537972240000003,1.374095104990376
2015-11-23 00:30:00,1.508188889,1.4372225120281605
2015-11-23 01:00:00,1.5103844449999997,1.7145615749802374
2015-11-23 01:30:00,1.3593466669999998,1.7162823134947693
2015-11-23 02:00:00,1.822926109,1.5898244294898571
2015-11-23 02:30:00,1.688163332,1.9531487994418706
2015-11-23 03:00:00,1.9713699999999998,1.8548408488332768
2015-11-23 03:30:00,2.6500811120000005,2.07680039857817
2015-11-23 04:00:00,2.083776111,2.597479225809659
2015-11-23 04:30:00,4.024400555,2.153645032469827
2015-11-23 05:00:00,2.9485261110000005,3.669305984265238
2015-11-23 05:30:00,2.1737844429999997,2.8261033546849283
2015-11-23 06:00:00,2.410577778000001,2.2049114919592876
2015-11-23 06:30:00,1.4903477770000002,2.3904951944559816
2015-11-23 07:00:00,2.541835,1.667178812349917
2015-11-23 07:30:00,2.158434443,2.491268274041505
2015-11-23 08:00:00,2.440355555,2.213825945314893
2015-11-23 08:30:00,2.158852221,2.434777957232563
2015-11-23 09:00:00,3.069629443,2.2283602770353506
2015-11-23 09:30:00,4.664106111,2.942170101996904
2015-11-23 10:00:00,8.897965554999999,4.187156317294276
2015-11-23 10:30:00,7.735192223000001,7.505388696884312
2015-11-23 11:00:00,4.399762776999999,6.5827663330993555
2015-11-23 11:30:00,5.165703335000001,3.968666801939941
2015-11-23 12:00:00,2.996765002,4.571209493763989
2015-11-23 12:30:00,3.391926113,2.871332230220462
2015-11-23 13:00:00,3.8160138899999994,3.1743911519544312
2015-11-23 13:30:00,1.542319445,3.5067644421032096
2015-11-23 14:00:00,1.481400555,1.7166755864069767
2015-11-23 14:30:00,1.6257077769999997,1.6689311971563718
2015-11-23 15:00:00,1.7638288890000002,1.7969483730057272
2015-11-23 15:30:00,2.3361894460000006,1.905199001588329
2015-11-23 16:00:00,6.256170554,2.3541648378553157
2015-11-23 16:30:00,4.484908333,5.426399146053768
2015-11-23 17:00:00,5.021953889,4.072006856567008
2015-11-23 17:30:00,4.2197766670000005,4.49290933970436
2015-11-23 18:00:00,3.4380233319999998,3.860078477151813
2015-11-23 18:30:00,3.573083334,3.2473894487700043
2015-11-23 19:00:00,2.906135,3.3677889028681536
2015-11-23 19:30:00,2.8219327799999996,2.845076803738669
2015-11-23 20:00:00,4.479370556,2.76643962639273
2015-11-23 20:30:00,2.732594443,4.065434968166032
2015-11-23 21:00:00,2.124155553,2.681719393792571
2015-11-23 21:30:00,2.4502705559999995,2.204863311888161
2015-11-23 22:00:00,1.7402916679999998,2.4426599376365443
2015-11-23 22:30:00,1.9421427769999997,1.886223200388324
2015-11-23 23:00:00,2.241288889,2.0475567994325816
2015-11-23 23:30:00,1.7925277800000003,2.2820086815028704
2015-11-24 00:00:00,2.685163332,1.890901070299865
2015-11-24 00:30:00,2.081261111,2.590492596895576
2015-11-24 01:00:00,1.967344446,2.1099793869695898
2015-11-24 01:30:00,2.4557483349999996,2.020698679525795
2015-11-24 02:00:00,2.4868161100000004,2.404787036370795
2015-11-24 02:30:00,2.231027225,2.429136001736879
2015-11-24 03:00:00,2.501284444,2.212166123920203
2015-11-24 03:30:00,2.215457223,2.423976711107885
2015-11-24 04:00:00,2.3198938889999994,2.158289368371708
2015-11-24 04:30:00,4.113709442,2.24014024965893
2015-11-24 05:00:00,3.1518327769999996,3.583930708720583
2015-11-24 05:30:00,2.3075094439999995,2.8300723586286285
2015-11-24 06:00:00,2.5706311089999994,2.167643785267998
2015-11-24 06:30:00,2.665246113,2.3738619746346643
2015-11-24 07:00:00,3.7037172210000002,2.4191277904077744
2015-11-24 07:30:00,2.823621112,3.2330160409300426
2015-11-24 08:00:00,1.5524672210000001,2.6164594777249395
2015-11-24 08:30:00,2.3510088909999998,1.6202091164769845
2015-11-24 09:00:00,1.834224999,2.288980068739546
2015-11-24 09:30:00,1.746766111,1.8839574017459366
2015-11-24 10:00:00,1.940472776,1.8591878580992844
2015-11-24 10:30:00,1.52815389,2.0110029422906806
2015-11-24 11:00:00,1.554187778,1.6803450866791758
2015-11-24 11:30:00,2.9787805560000002,1.7007488084537954
2015-11-24 12:00:00,2.055799999,2.798175779677919
2015-11-24 12:30:00,1.728626109,2.074801749321363
2015-11-24 13:00:00,2.054145556,1.8508528837456222
2015-11-24 13:30:00,1.459527779,2.105974524770426
2015-11-24 14:00:00,1.2083388879999999,1.6374185620230763
2015-11-24 14:30:00,1.295299445,1.4405525293798078
2015-11-24 15:00:00,3.081174444,1.5104325595589083
2015-11-24 15:30:00,3.4861683339999994,2.91008890761743
2015-11-24 16:00:00,2.158047221,3.2273977181189863
2015-11-24 16:30:00,2.187112776,2.186500036118904
2015-11-24 17:00:00,2.5115988899999997,2.1924624734071667
2015-11-24 17:30:00,3.5298788889999995,2.446774253106895
2015-11-24 18:00:00,2.9438266669999997,3.1768863079001353
2015-11-24 18:30:00,3.1474883340000006,2.717575486439835
2015-11-24 19:00:00,3.6804066680000003,2.834214494230391
2015-11-24 19:30:00,2.99461222,3.2518823207006307
2015-11-24 20:00:00,2.781046665,2.713203245937656
2015-11-24 20:30:00,2.69870278,2.545824014496614
2015-11-24 21:00:00,1.5378399980000002,2.4678042461438494
2015-11-24 21:30:00,2.5419405559999997,1.5579931098879598
2015-11-24 22:00:00,2.8683416659999996,2.3261610329972218
2015-11-24 22:30:00,2.216844999,2.5819736659534254
2015-11-24 23:00:00,1.796890001,2.029623201391277
2015-11-24 23:30:00,2.15726167,1.7004889231362261
2015-11-25 00:00:00,2.013776668,1.9875993689733704
2015-11-25 00:30:00,2.486167221,1.875144861231819
2015-11-25 01:00:00,2.077903332,2.2344005752457416
2015-11-25 01:30:00,1.8374211109999996,1.9144290519073888
2015-11-25 02:00:00,2.438656667,1.7141260881273475
2015-11-25 02:30:00,2.333315557,2.185336650515591
2015-11-25 03:00:00,2.0947027790000003,2.138188321794006
2015-11-25 03:30:00,2.185288332,1.9511786544642167
2015-11-25 04:00:00,2.55258611,1.9682007160808679
2015-11-25 04:30:00,4.213845553000001,2.25606558170324
2015-11-25 05:00:00,2.746152223,3.5891573688907394
2015-11-25 05:30:00,2.382263889,2.43887177360107
2015-11-25 06:00:00,2.5754633320000004,2.159261723074213
2015-11-25 06:30:00,4.351377779,2.310679278607349
2015-11-25 07:00:00,3.815676666,3.672812134913058
2015-11-25 07:30:00,2.427779445,3.252963341524767
2015-11-25 08:00:00,1.5001383320000001,2.1992533465168727
2015-11-25 08:30:00,1.8936827769999998,1.472226665893901
2015-11-25 09:00:00,2.0183172209999998,1.794211977311715
2015-11-25 09:30:00,3.1048305570000005,1.8918926049194846
2015-11-25 10:00:00,2.8089294439999994,2.8292416777631244
2015-11-25 10:30:00,1.55014222,2.5973330215358175
2015-11-25 11:00:00,1.214804445,1.6328182776298767
2015-11-25 11:30:00,1.1581588909999998,1.3700016494865928
2015-11-25 12:00:00,1.070948889,1.3536997950249319
2015-11-25 12:30:00,1.1261961109999998,1.2853500880287285
2015-11-25 13:00:00,0.905406665,1.3297182914985761
2015-11-25 13:30:00,1.527687222,1.156677429259469
2015-11-25 14:00:00,1.558773333,1.6537899223495796
2015-11-25 14:30:00,1.090729447,1.6781532583176428
2015-11-25 15:00:00,1.2941711109999998,1.3039358825002285
2015-11-25 15:30:00,2.071383334,1.4633806457880478
2015-11-25 16:00:00,2.5582933340000005,2.079793699685685
2015-11-25 16:30:00,1.713376108,2.461403091616691
2015-11-25 17:00:00,1.6867516640000004,1.7782540751543667
2015-11-25 17:30:00,2.2643905569999996,1.7573875127807428
2015-11-25 18:00:00,3.7392955530000003,2.187900616695753
2015-11-25 18:30:00,2.7257994450000003,3.34383826159843
2015-11-25 19:00:00,2.8639622219999996,2.529045792154627
2015-11-25 19:30:00,6.0834238880000004,2.6373290751401246
2015-11-25 20:00:00,4.902705,5.1424650915091785
2015-11-25 20:30:00,5.360460002000001,4.217091989927504
2015-11-25 21:00:00,3.502148888,4.565495388568646
2015-11-25 21:30:00,1.6160366650000002,3.109068175670637
2015-11-25 22:00:00,0.900281666,1.631345266687278
2015-11-25 22:30:00,1.2098444420000003,1.0703815774223884
2015-11-25 23:00:00,0.8383283309999999,1.3128647827188384
2015-11-25 23:30:00,1.048523887,1.0216938533658126
2015-11-26 00:00:00,1.4032000009999999,1.1800573616828522
2015-11-26 00:30:00,1.580995554,1.4580301619867928
2015-11-26 01:00:00,1.119169445,1.5914985605391827
2015-11-26 01:30:00,1.651487222,1.2295483425659395
2015-11-26 02:00:00,1.6429211099999999,1.6169586661617457
2015-11-26 02:30:00,1.582773333,1.6102450870782743
2015-11-26 03:00:00,1.4481761110000002,1.5925186588327218
2015-11-26 03:30:00,1.6876705539999999,1.4870298332940752
2015-11-26 04:00:00,1.4401944440000003,1.659377738694782
2015-11-26 04:30:00,5.071178333999999,1.465421549964729
2015-11-26 05:00:00,2.586924444,4.265040869816498
2015-11-26 05:30:00,1.2629683329999999,2.3180391315791766
2015-11-26 06:00:00,1.1021727779999997,1.2852793179776487
2015-11-26 06:30:00,1.2913438900000003,1.1592578890302896
2015-11-26 07:00:00,0.987022223,1.3468404136655323
2015-11-26 07:30:00,0.7395877770000001,1.1083322575477705
2015-11-26 08:00:00,0.835776669,0.8721495291678334
2015-11-26 08:30:00,1.0847966660000001,0.9475363246467463
2015-11-26 09:00:00,0.8044794439999999,1.205157342409784
2015-11-26 09:30:00,0.8032866679999999,0.9854623584595483
2015-11-26 10:00:00,1.083562222,0.9902480741600979
2015-11-26 10:30:00,0.8482677760000001,1.2099104013562254
2015-11-26 11:00:00,0.738656109,1.055003866516909
2015-11-26 11:30:00,0.9841983329999999,0.9690971453725208
2015-11-26 12:00:00,1.1805177789999999,1.1226864208569296
2015-11-26 12:30:00,1.159559999,1.2765492382406176
2015-11-26 13:00:00,1.1203888920000002,1.2694117566655727
2015-11-26 13:30:00,1.898522223,1.2387119100336808
2015-11-26 14:00:00,1.167472224,1.8405673966919007
2015-11-26 14:30:00,0.819080555,1.2676164497211015
2015-11-26 15:00:00,0.744941666,0.9843939707188571
2015-11-26 15:30:00,0.8199383339999998,0.9262885788605466
2015-11-26 16:00:00,0.854587776,0.9779001939190248
2015-11-26 16:30:00,0.7724355549999999,1.0050562443028106
2015-11-26 17:00:00,0.8331400020000002,0.926945678582749
2015-11-26 17:30:00,1.2233605549999997,0.9745220009157833
2015-11-26 18:00:00,1.0325188889999999,1.290968488932828
2015-11-26 18:30:00,0.788713334,1.1413988105171864
2015-11-26 19:00:00,0.8887994469999999,0.9253188605384697
2015-11-26 19:30:00,1.104368332,1.0037600523863848
2015-11-26 20:00:00,0.9255711130000001,1.1625006236843358
2015-11-26 20:30:00,0.83653111,1.0223706242562187
2015-11-26 21:00:00,0.810457224,0.9504435126170172
2015-11-26 21:30:00,1.170990553,0.9300084429291111
2015-11-26 22:00:00,0.829142224,1.2057422627987293
2015-11-26 22:30:00,0.7811027770000001,0.9378230724713177
2015-11-26 23:00:00,1.044983332,0.9357202778272509
2015-11-26 23:30:00,0.9752261099999999,1.142533237380281
2015-11-27 00:00:00,0.886885556,1.1017092371248456
2015-11-27 00:30:00,0.8093733349999999,1.0324734746743136
2015-11-27 01:00:00,1.1475911109999999,1.0072340689735881
2015-11-27 01:30:00,0.840307224,1.2723078605153866
2015-11-27 02:00:00,0.770415556,1.0330997193998943
2015-11-27 02:30:00,1.057702778,0.9783230318672427
2015-11-27 03:00:00,0.894935,1.2132850759493827
2015-11-27 03:30:00,0.796399444,1.085717942827161
2015-11-27 04:00:00,0.880583333,1.0186145159038666
2015-11-27 04:30:00,1.0297361129999998,1.084592546118234
2015-11-27 05:00:00,0.8345677779999999,1.200082857097943
2015-11-27 05:30:00,0.7780122209999999,1.0471222080179547
2015-11-27 06:00:00,1.098242225,0.9906149478180755
2015-11-27 06:30:00,0.845577222,1.2415910565537835
2015-11-27 07:00:00,0.7375594440000001,1.0693841003612636
2015-11-27 07:30:00,0.9084772230000001,0.9847265690303839
2015-11-27 08:00:00,0.929088333,1.0803457922202018
2015-11-27 08:30:00,0.8120305550000001,1.0964994821302945
2015-11-27 09:00:00,0.7423655570000001,0.9364256210161699
2015-11-27 09:30:00,1.103609445,0.8818265831536181
2015-11-27 10:00:00,0.8202505579999999,1.1371217929692499
2015-11-27 10:30:00,0.751763336,0.9150429435590581
2015-11-27 11:00:00,0.9765744449999999,0.9099422422807404
2015-11-27 11:30:00,0.925674445,1.0861350306909703
2015-11-27 12:00:00,0.804211665,1.0464770198607471
2015-11-27 12:30:00,0.800210556,0.9512821427416718
2015-11-27 13:00:00,1.0668738869999999,0.9662338288913634
2015-11-27 13:30:00,0.825377223,1.1752277530112334
2015-11-27 14:00:00,0.7418911109999999,1.000758861259568
2015-11-27 14:30:00,1.0312411099999998,0.9353277047111224
2015-11-27 15:00:00,0.8820472230000002,1.1661466129657097
2015-11-27 15:30:00,0.850171109,1.0492178407123305
2015-11-27 16:00:00,1.557035554,1.046482846938403
2015-11-27 16:30:00,1.396566112,1.6004786799138966
2015-11-27 17:00:00,0.7886683349999999,1.485324544655862
2015-11-27 17:30:00,0.7881661110000001,1.0088925530410258
2015-11-27 18:00:00,1.2469388890000002,0.9852480796141396
2015-11-27 18:30:00,0.8415261100000001,1.3448052890513615
2015-11-27 19:00:00,0.8344300000000001,1.014496539391553
2015-11-27 19:30:00,1.097962776,1.0089350552935148
2015-11-27 20:00:00,0.9124388910000001,1.2174673524331965
2015-11-27 20:30:00,0.7703905550000001,1.0720654158462963
2015-11-27 21:00:00,0.9222400000000001,0.9693929277100306
2015-11-27 21:30:00,1.1022922240000002,1.0884029590741644
2015-11-27 22:00:00,0.772183333,1.2332042633847262
2015-11-27 22:30:00,0.769312777,0.9744857052004026
2015-11-27 23:00:00,1.2171605540000001,0.9662577664228333
2015-11-27 23:30:00,0.7749905570000001,1.3172526481435263
2015-11-28 00:00:00,0.7734016669999999,0.9737914172897817
2015-11-28 00:30:00,1.075487777,0.9725461453776312
2015-11-28 01:00:00,0.91266222,1.2082732201876443
2015-11-28 01:30:00,0.7709949979999999,1.0806608035242018
2015-11-28 02:00:00,0.932873332,0.9934480518752391
2015-11-28 02:30:00,1.075182224,1.1203180948083151
2015-11-28 03:00:00,0.7739199990000001,1.2218314546596716
2015-11-28 03:30:00,0.7928205580000001,0.9857210964948528
2015-11-28 04:00:00,1.1859577780000001,0.9673803214004124
2015-11-28 04:30:00,0.7997255569999999,1.2754965142690047
2015-11-28 05:00:00,0.7685788899999999,0.9693303655770897
2015-11-28 05:30:00,1.0808027759999999,0.9449195696301018
2015-11-28 06:00:00,0.907921112,1.1716801394980525
2015-11-28 06:30:00,0.820205557,1.0361863795114843
2015-11-28 07:00:00,0.9537694449999999,0.9644958627262294
2015-11-28 07:30:00,1.0313738890000002,1.069174826156063
2015-11-28 08:00:00,0.737598888,1.1252560554384186
2015-11-28 08:30:00,0.8025427759999999,0.8950137118920942
2015-11-28 09:00:00,1.0907238890000002,1.0018110622427425
2015-11-28 09:30:00,0.7469838900000001,1.227669268683215
2015-11-28 10:00:00,0.777876665,0.9161562299364814
2015-11-28 10:30:00,0.983072218,0.9403680413242359
2015-11-28 11:00:00,0.8880233310000001,1.183156478870778
2015-11-28 11:30:00,0.736138331,1.1086631475122335
2015-11-28 12:00:00,0.8820588859999999,1.0104722909635697
2015-11-28 12:30:00,1.0328133339999999,1.1248356317530064
2015-11-28 13:00:00,0.736883891,1.2164622072888562
2015-11-28 13:30:00,0.806754999,0.9845313477918012
2015-11-28 14:00:00,1.1341044459999998,1.0202764198569003
2015-11-28 14:30:00,0.802155556,1.276832299626511
2015-11-28 15:00:00,0.8678388880000001,0.9889800650818419
2015-11-28 15:30:00,1.0272372220000001,1.0404585239028208
2015-11-28 16:00:00,0.9415888880000001,1.1293404637118556
2015-11-28 16:30:00,0.7902444450000001,1.062214693738671
2015-11-28 17:00:00,0.864632777,0.9386683059948968
2015-11-28 17:30:00,1.078126665,0.996969195566443
2015-11-28 18:00:00,0.774614442,1.1612938728045687
2015-11-28 18:30:00,0.8292061100000001,0.9234201079144295
2015-11-28 19:00:00,1.0636866650000003,0.9801496363746054
2015-11-28 19:30:00,0.834606109,1.1639207275684509
2015-11-28 20:00:00,0.830840555,0.9893262247998482
2015-11-28 20:30:00,0.9106077779999999,0.9863750207329289
2015-11-28 21:00:00,1.01049889,1.0708950770412056
2015-11-28 21:30:00,0.787924444,1.1491834393866753
2015-11-28 22:00:00,1.1184883339999998,0.9707239186385124
2015-11-28 22:30:00,1.4651450000000001,1.2297990763827507
2015-11-28 23:00:00,1.132147775,1.4981259406373777
2015-11-28 23:30:00,1.2029783330000001,1.237143688173962
2015-11-29 00:00:00,1.38673,1.297324709133651
2015-11-29 00:30:00,1.168431111,1.4413376928681778
2015-11-29 01:00:00,1.330719998,1.2619420151050438
2015-11-29 01:30:00,1.344606664,1.3891338236224904
2015-11-29 02:00:00,1.8028833339999997,1.3995855359049116
2015-11-29 02:30:00,1.340990557,1.7587539271371018
2015-11-29 03:00:00,1.6017483310000002,1.3919868376121016
2015-11-29 03:30:00,1.8359299980000001,1.5963523580931405
2015-11-29 04:00:00,1.4199805570000001,1.7910346391676732
2015-11-29 04:30:00,1.5733638879999998,1.4650396642153183
2015-11-29 05:00:00,1.8784927759999999,1.600244087711559
2015-11-29 05:30:00,1.8698033330000003,1.8393848928095515
2015-11-29 06:00:00,1.546939444,1.8151380974809435
2015-11-29 06:30:00,1.562114445,1.5620977155668943
2015-11-29 07:00:00,1.9012166659999998,1.5831946374848265
2015-11-29 07:30:00,1.383999444,1.8489616013144108
2015-11-29 08:00:00,1.367250553,1.420671158368819
2015-11-29 08:30:00,1.4139288890000001,1.4075444324645883
2015-11-29 09:00:00,1.4680138880000002,1.51652256631737
2015-11-29 09:30:00,1.2129466660000001,1.558910982207327
2015-11-29 10:00:00,1.135276109,1.3710642176147054
2015-11-29 10:30:00,1.3751072229999999,1.310190926805907
2015-11-29 11:00:00,1.200500554,1.517403816625305
2015-11-29 11:30:00,1.212888889,1.3805581063622423
2015-11-29 12:00:00,1.184344444,1.4068704113278585
2015-11-29 12:30:00,1.0062672209999999,1.3844990730939788
2015-11-29 13:00:00,0.940726665,1.2585101898168354
2015-11-29 13:30:00,0.95734111,1.2071436298324851
2015-11-29 14:00:00,1.04051389,1.2313126177855374
2015-11-29 14:30:00,0.81330389,1.2964982044463405
2015-11-29 15:00:00,0.7334572210000001,1.1190314656736557
2015-11-29 15:30:00,1.064481668,1.056452675332924
2015-11-29 16:00:00,0.8967488879999999,1.3437037160611727
2015-11-29 16:30:00,0.8161983340000002,1.2122453270720435
2015-11-29 17:00:00,1.175963891,1.10745037643286
2015-11-29 17:30:00,1.0573533349999997,1.389411961622093
2015-11-29 18:00:00,1.018128888,1.3244512212398227
2015-11-29 18:30:00,1.00679389,1.2937095700753378
2015-11-29 19:00:00,1.3871649999999998,1.2859982346007808
2015-11-29 19:30:00,1.0739583329999998,1.5841091544734915
2015-11-29 20:00:00,1.0606527780000001,1.3180038309782809
2015-11-29 20:30:00,1.2422483309999999,1.3075757749661747
2015-11-29 21:00:00,1.4160783329999997,1.4236847223831681
2015-11-29 21:30:00,1.4936394450000001,1.5599217299668808
2015-11-29 22:00:00,1.642929445,1.6130011630035144
2015-11-29 22:30:00,1.956924444,1.7300052625730036
2015-11-29 23:00:00,1.4888622219999998,1.9669104880902921
2015-11-29 23:30:00,1.558576109,1.6000727975041569
2015-11-30 00:00:00,2.136528886,1.6489872645045613
2015-11-30 00:30:00,1.4614744449999997,2.101950251084845
2015-11-30 01:00:00,1.8610049999999998,1.5641931048035405
2015-11-30 01:30:00,1.7054905540000003,1.8773199909866278
2015-11-30 02:00:00,1.4810077780000004,1.7234531546695964
2015-11-30 02:30:00,1.243424446,1.547517692986033
2015-11-30 03:00:00,1.477023886,1.3729081286951619
2015-11-30 03:30:00,3.221756663,1.5559886574454929
2015-11-30 04:00:00,2.1697455580000002,2.938290542369817
2015-11-30 04:30:00,1.716602224,2.113790494961229
2015-11-30 05:00:00,1.928785557,1.7737288081018097
2015-11-30 05:30:00,1.879995001,1.940024740992948
2015-11-30 06:00:00,1.865901112,1.893505827598963
2015-11-30 06:30:00,1.334636666,1.882459925047705
2015-11-30 07:00:00,1.9881588890000002,1.4504863653073894
2015-11-30 07:30:00,1.6439477799999997,1.9626759242247012
2015-11-30 08:00:00,1.3994672230000003,1.697034413491381
2015-11-30 08:30:00,1.554209445,1.5054259505398635
2015-11-30 09:00:00,1.699878333,1.6545939989804657
2015-11-30 09:30:00,0.9856383330000001,1.7687600990255365
2015-11-30 10:00:00,1.198536666,1.2334429201342356
2015-11-30 10:30:00,1.704184443,1.4002992249939723
2015-11-30 11:00:00,1.063785555,1.8046081407043264
2015-11-30 11:30:00,1.2865261129999999,1.3027038252395133
2015-11-30 12:00:00,1.2629444440000002,1.4332770756546385
2015-11-30 12:30:00,1.524135554,1.4147952486890638
2015-11-30 13:00:00,1.338914446,1.5977159493225068
2015-11-30 13:30:00,0.9229144450000001,1.4525513102790146
2015-11-30 14:00:00,1.119330555,1.1730475867111547
2015-11-30 14:30:00,1.183695557,1.3269861632500497
2015-11-30 15:00:00,1.288334997,1.3662706067050276
2015-11-30 15:30:00,1.7932577769999998,1.4482804094825443
2015-11-30 16:00:00,2.036085002,1.8434747934371538
2015-11-30 16:30:00,1.671519443,2.033787478895542
2015-11-30 17:00:00,1.527558333,1.7371512778563352
2015-11-30 17:30:00,2.00052611,1.6243236266501313
2015-11-30 18:00:00,1.6631472210000002,1.965668480686526
2015-11-30 18:30:00,1.355093888,1.701252155941403
2015-11-30 19:00:00,1.707302777,1.4667280758975334
2015-11-30 19:30:00,1.755982224,1.7427672206347218
2015-11-30 20:00:00,1.6426633329999998,1.7214560524029094
2015-11-30 20:30:00,1.304310555,1.6326438425719223
2015-11-30 21:00:00,1.809150558,1.3660147792516621
2015-11-30 21:30:00,1.9046994419999999,1.7616765782849058
2015-11-30 22:00:00,1.6944744429999998,1.8232168475595198
2015-11-30 22:30:00,1.814941112,1.6584557335197871
2015-11-30 23:00:00,1.8165633309999998,1.744151692681453
2015-11-30 23:30:00,1.76911778,1.7454230857647097
2015-12-01 00:00:00,1.660053335,1.7096264194918342
